category,topic,description,cloud terms
"Foundations, Communication & Design Thinking",Intro & Communication Foundations,"Intro & Communication Foundations is the foundational study and application of how humans exchange information, ideas, and feelings through verbal, non-verbal, and visual symbols to create shared understanding, with an introduction to UI/UX philosophy and digital communication.","UI/UX Philosophy, Communication Evolution, Non-Verbal Communication, Visual Communication, Symbols & Icons, Design Empathy"
"Foundations, Communication & Design Thinking","Internet, Web Infrastructure & Domains","Internet, Web Infrastructure & Domains is the study and application of basic web hosting models, domain name structure, DNS prefixes/extensions, professional emails, and machine-level binary logic.","Domain Names, Prefixes & Extensions, Shared Hosting, VPS Hosting, Dedicated Hosting, Professional Email, Binary Logic, AI-Assisted Design, Prompt-to-Prototype, Human Review"
"Foundations, Communication & Design Thinking",Branding Guidelines & Visual Identity,"Branding Guidelines & Visual Identity is the practice of brand consistency across touchpoints including logos, color palettes, typography rules, brand voice, and favicons.","Brand Identity, Logo Design, Color Palette, Typography Rules, Imagery & Photography, Voice & Tone, Favicon, Brand Guidelines"
"Foundations, Communication & Design Thinking",Image Formats & Graphic Optimization,"Image Formats & Graphic Optimization is the study and application of an examination of graphic types (JPEG, PNG, GIF, SVG, RAW, WebP, AVIF) and principles of image optimization for web performance.","JPEG vs PNG, SVG Vectors, Animated Formats (GIF, WebP, AVIF), Image Optimization, Rule of Thirds, Resolution & Compression, C2PA Content Credentials, Media Provenance"
"Foundations, Communication & Design Thinking",Information Architecture & Sitemaps,"Information Architecture & Sitemaps is the study and application of structuring of structuring digital content logically using XML sitemaps, navigation hierarchies, and content layout planning.","Information Architecture (IA), Navigation Hierarchy, XML Sitemap, Page Taxonomy, Content Structure, Site Mapping"
"Foundations, Communication & Design Thinking","UX Research, User Stories & Interaction Design","UX Research, User Stories & Interaction Design is the systematic study and evaluation of principles of user-centered research methods, user stories/scenarios, interaction design patterns, usability, and data flow diagrams.","User Research, User Scenarios & Stories, Interaction Design (IxD), Data Flow Diagrams (DFD), Utility & Ease of Use, UX Process, AI-Assisted Synthesis, Research Integrity, Human Review"
"Foundations, Communication & Design Thinking","Wireframing, Prototyping & UX Frameworks","Wireframing, Prototyping & UX Frameworks is a framework for understanding the principles of low-to-high fidelity wireframing, interactive prototyping, usability testing, and the Double Diamond design framework.","Low-Fi Wireframes, Interactive Prototypes, Double Diamond Framework, Usability Testing, Iterative Design, Design Sprints"
"Foundations, Communication & Design Thinking","UI Design, Layouts & Visual Principles","UI Design, Layouts & Visual Principles is a framework for understanding a walkthrough of core visual interface design principles including grid layouts, typography hierarchies, color theory, and visual hierarchy.","Visual Hierarchy, Grid Layouts, Typography Rules, Color Theory, UI Design Patterns, Graphic Design Principles, Adaptive Layouts, Dynamic Materials"
"Foundations, Communication & Design Thinking",Web Accessibility (WCAG) & Inclusivity,"Web Accessibility (WCAG) & Inclusivity is the study and application of an introduction to ethical and legal standards for web accessibility based on WCAG guidelines, transliteration, and inclusive design.","WCAG Guidelines, Web Accessibility, Inclusive Design, Contrast & Legibility, Screen Readers, Transliteration Tools, WCAG 2.2, Accessible Authentication, Focus Appearance"
"Foundations, Communication & Design Thinking",Responsive Web Design & AI Design Tools,"Responsive Web Design & AI Design Tools is the practice of principles of multi-device layout responsiveness along with modern AI-driven design tools (Creatie, Readdy, no-code/code workflows).","Responsive Design, Breakpoints, Multi-Device Layouts, AI Design Tools (Creatie, Readdy), No-Code Workflows, Prototyping Automation, AI-Assisted Design, Prompt-to-Prototype, Human Review"
"Foundations, Communication & Design Thinking",Design Foundations & Philosophy,"Design Foundations & Philosophy is the foundational study of core ideas of the core definition of design as intentional creation, the design cycle, and fundamental design values including conscious and critical design.","Design Philosophy, Intentional Creation, Design Cycle, Conscious Design, Critical Design, Human Well-Being"
"Foundations, Communication & Design Thinking",Human-Centered & Ecological Design,"Human-Centered & Ecological Design is the practice of structuring of aligning design solutions with human capabilities, aging considerations, ergonomics, and whole-lifecycle environmental impacts.","User-Centered Design (UCD), Ergonomics, Ecological Design, Transgenerational Design, Lifecycle Impact, Sustainability"
"Foundations, Communication & Design Thinking",Participatory & Service Design,"Participatory & Service Design is the practice of principles of co-designing with stakeholders, organizing service experiences around products, and structuring participative sociotechnical systems.","Participatory Design, Co-Design, Service Design, User Experience (UX), Stakeholder Collaboration, Sociotechnical Systems"
"Foundations, Communication & Design Thinking",Design Thinking & Problem Framing,"Design Thinking & Problem Framing is the practice of an examination of cognitive and strategic procedures used to navigate wicked problems, frame challenges, and apply abductive reasoning.","Design Thinking, Wicked Problems, Problem Framing, Abductive Reasoning, Solution-Focused Thinking, Ideation"
"Foundations, Communication & Design Thinking",Design Thinking Process & Phases,"Design Thinking Process & Phases is the practice of a walkthrough of the 5 core phases of design innovation from empathizing with users to defining problems, ideating, prototyping, and testing.","Empathize, Define, Ideate, Prototype, Test, Iterative Process, Divergent & Convergent Thinking"
"Foundations, Communication & Design Thinking",Design Methods & Process Models,"Design Methods & Process Models is a framework for understanding the principles of historical and modern systematic procedures, including the Double Diamond process model and qualitative research techniques.","Design Methods, Double Diamond Model, Discover, Define, Develop, Deliver, Synthesis & Development, Ethnographic Research, Cultural Probes"
Career Development & Self-Directed Growth,Career Transition & Tipping Points,Career Transition & Tipping Points is the study and application of explanation of how pivotal life moments and personal frustration drive career pivots from non-design work into digital design.,"Career Transition, Tipping Point, Self-Motivation, Mindset Shift, Hobby to Profession, Grit & Determination"
Career Development & Self-Directed Growth,Self-Taught Design Fundamentals,"Self-Taught Design Fundamentals is the foundational study of principles of foundational tool learning, vector/raster graphics practice, logo design, and building an early portfolio through public forums.","Graphic Design Tools, Photoshop & Illustrator, Vector vs Raster, Logo Design, Forum Feedback, Self-Taught Learning"
Career Development & Self-Directed Growth,Foundational UX Reading & Principles,"Foundational UX Reading & Principles is the foundational study of an introduction to core user experience literature, cognitive design principles, and user-centered thinking for web interfaces.","Don Norman Principles, Design of Everyday Things, Don't Make Me Think, Steve Krug, User-Centered Thinking, Usability Basics"
Career Development & Self-Directed Growth,First Freelance Wins & Client Value,"First Freelance Wins & Client Value explains the benefits and value of a walkthrough of getting initial paid freelance projects, delivering extra value to clients, building trust, and validating remote work capabilities.","First Freelance Job, Website Header Redesign, Overdelivering Value, Client Satisfaction, Proof of Concept, Freelance Work"
Career Development & Self-Directed Growth,Upward Growth & Global Platforms,"Upward Growth & Global Platforms is the study and application of an examination of rapid skill advancement, transition to global freelancing platforms, client acquisition, and long-term career scaling.","Upwork, oDesk, Global Client Scene, Rapid Skill Growth, Income Independence, Career Scaling, Continuous Learning"
Career Development & Self-Directed Growth,The 1% Daily Compound Growth Rule,"The 1% Daily Compound Growth Rule is the study and application of emphasizes long-term career evolution through daily 1% skill accumulation, curiosity, and consistency in design practice.","1% Daily Improvement, Compound Growth, Curiosity, Skill Consistency, Long-Term Evolution, Career Mastery, AI-Assisted Design, Prompt-to-Prototype, Human Review"
UXD Foundations & Collaboration,User Experience Design (UXD) Core Pillars,"User Experience Design (UXD) Core Pillars is the practice of core ideas of human-centered design principles for creating products that are usable, useful, desirable, and accessible to diverse audiences.","User Experience Design (UXD), Human-Centered Design, Usable, Useful, Desirable, Accessible, Product Goals"
UXD Foundations & Collaboration,The UXD Process & Cross-Functional Collaboration,The UXD Process & Cross-Functional Collaboration is the practice of principles of the iterative design cycle from user research and persona mapping to prototyping and collaborating with product teams.,"UX Research, User Personas, User Journeys, Usability Testing, Prototypes, Iterative Design, Cross-Discipline Collaboration"
UXD Foundations & Collaboration,The Role of Empathy in User Experience,"The Role of Empathy in User Experience is the study and application of an examination of active listening, observation, and empathetic design practice to identify real user problems and build long-term trust.","Empathy in Design, Active Listening, User Observation, Pain Points, Human-Centered Practice, User Trust & Loyalty"
UXD Foundations & Collaboration,Introduction to Technology & Design,Introduction to Technology & Design is an introduction to overview of digital technology and fundamental user interface (UI) principles to build foundational awareness.,"Technology Intro, Visual Design, Digital Ecosystem, UI Basics, Interaction Design"
"UX Practice, Tools & Visual Communication",Role of UI/UX Designer & System Tools,Role of UI/UX Designer & System Tools is the practice of an understanding of designer responsibilities and leveraging system keyboard shortcuts for optimal workflow efficiency.,"UI/UX Role, Designer Workflow, Keyboard Shortcuts, Efficiency, System Basics"
"UX Practice, Tools & Visual Communication",UX Research Process & Centric Design,"UX Research Process & Centric Design is the systematic study and evaluation of exploring User-Centric Design (UCD) methodologies, project scoping, and target audience scenarios.","UCD Framework, Scenarios, Project Scoping, User Centricity, Research Methods, AI-Assisted Synthesis, Research Integrity, Human Review"
"UX Practice, Tools & Visual Communication",Generative AI Tools in UI Design,Generative AI Tools in UI Design is the practice of use of AI tools like Midjourney and Firefly with prompt engineering for interface concepting.,"Generative AI, Prompt Engineering, Midjourney, Adobe Firefly, Galileo AI, Ideogram, AI-Assisted Design, Prompt-to-Prototype, Human Review"
"UX Practice, Tools & Visual Communication",Figma Fundamentals & Visual Elements,"Figma Fundamentals & Visual Elements is the foundational study of practice with core UI concepts in Figma including grid systems, typography, color theory, and wireframing.","Figma Essentials, Grid Systems, Color Theory, Typography, Wireframing, Layouts"
"UX Practice, Tools & Visual Communication",Human Behavior & Decision-Making Models,Human Behavior & Decision-Making Models is a framework for understanding the analysis of psychological models like BJ Fogg and Hook Framework to design habit-forming experiences.,"Behavioral Science, BJ Fogg Model, Hook Model, Gestalt Principles, Behavioral Economics"
"UX Practice, Tools & Visual Communication",Usability Testing & UX Best Practices,"Usability Testing & UX Best Practices is the systematic study and evaluation of measurement of user impact through heuristic evaluations, eye tracking, and A/B testing frameworks.","Usability Testing, Heuristic Evaluation, A/B Testing, Eye Tracking, Choice Overload, Accessibility, Experiment Instrumentation, Evidence-Based UX"
"UX Practice, Tools & Visual Communication",Windows Keyboard Shortcuts,"Windows Keyboard Shortcuts is the study and application of master essential system shortcuts including Ctrl+C (Copy), Ctrl+V (Paste), Alt+Tab (Switch apps), Win+D (Show desktop), and Win+L (Lock PC) to navigate Windows efficiently.","Ctrl+C, Ctrl+V, Alt+Tab, Win+D, Win+L, Windows Shortcuts"
"UX Practice, Tools & Visual Communication",Figma Essential Shortcuts,"Figma Essential Shortcuts is the study and application of ways to boost design speed using core Figma shortcuts like Ctrl+/ (Quick actions), Ctrl+G (Group), Ctrl+D (Duplicate), Alt+H/V (Align), and Send Backward/Forward.","Ctrl+/, Ctrl+G, Ctrl+D, Alt+H, Figma Shortcuts, UI Design"
"UX Practice, Tools & Visual Communication",Discovering Shortcuts in Figma,Discovering Shortcuts in Figma is the study and application of ways to find and use built-in application shortcuts anytime by pressing Ctrl+Shift+? to open the interactive shortcuts panel or Ctrl+/ for quick actions.,"Ctrl+Shift+?, Quick Actions, Shortcuts Panel, Figma Help"
"UX Practice, Tools & Visual Communication",Incorporating Visualization in UXD,Incorporating Visualization in UXD is the practice of use of data visualization sitemaps wireframes and journey maps across the UXD process to simplify complex information foster team collaboration and boost user engagement.,"Data Visualization, Information Architecture, Wireframes, User Journey Maps, Prototypes, Interactive Visualization, WebGPU"
"UX Practice, Tools & Visual Communication",Visualization Design Principles & Tools,Visualization Design Principles & Tools is a framework for understanding ways to ensure UX visualizations maintain clarity and simplicity while adapting to target audience accessibility requirements and leveraging modern design software.,"Clarity and Simplicity, Target Audience, Design Tools, Prototyping Tools, Accessibility, Interactive Visualization, WebGPU"
"UX Practice, Tools & Visual Communication",The Role of Feedback in UXD,The Role of Feedback in UXD is the practice of integration of user stakeholder and analytical feedback throughout the design lifecycle to align user expectations with strategic business objectives.,"User Feedback, Stakeholder Feedback, Analytics, Business Alignment, Usability Testing"
"UX Practice, Tools & Visual Communication",Iterative Design & Collaborative Reviews,Iterative Design & Collaborative Reviews is the practice of ways to refine products continuously using iterative testing design reviews and prototype feedback loops to build functional user-centered solutions.,"Iterative Design, User Testing, Collaborative Reviews, Continuous Improvement, Rapid Prototyping"
"UX Practice, Tools & Visual Communication",Good vs Bad Designer Principles,Good vs Bad Designer Principles is a framework for understanding a comparison of user-centered research and data-driven decisions with preference-based assumptions to build intuitive problem-solving UI/UX designs.,"User Research, User Personas, Data-Driven Design, Intuitive UI, Good vs Bad Designer"
"UX Practice, Tools & Visual Communication",Impact of Visual Design on UX,Impact of Visual Design on UX explains the benefits and value of use of visual elements to improve UI clarity boost engagement establish brand identity and evoke trust across digital touchpoints.,"Clarity, User Engagement, Brand Identity, Visual Consistency, User Perception"
"UX Practice, Tools & Visual Communication",Visual Design Best Practices,Visual Design Best Practices is the practice of application of user-centered guidelines accessibility standards visual consistency and ongoing usability testing while keeping up with relevant trends.,"Accessibility Compliance, Usability Testing, Design Consistency, User-Centered Design, Design Trends"
"UX Practice, Tools & Visual Communication",Microinteractions & User Delight,Microinteractions & User Delight is the practice of incorporation of subtle responsive UI feedback simple animations and guided interactions to increase usability and create delightful digital experiences.,"Microinteractions, System Feedback, UI Animation, User Delight, Usability"
"UX Practice, Tools & Visual Communication",Foundations of a Design System,Foundations of a Design System is the foundational study of creation of a comprehensive design system framework built on brand identity guiding principles best practices reusable components and team workflows.,"Brand Identity, Design Principles, Component Library, Design System Foundations, Best Practices, Design Tokens 2025.10, Cross-Platform Theming, Multi-Brand Systems"
"Design Systems, Interaction & Business Value",Building Block Components & Atomic Structure,Building Block Components & Atomic Structure is the practice of organize digital UI elements using Atomic Design principles from individual atoms to full page templates with clear naming and documentation.,"Atomic Design, UI Components, Design Tokens, Component Documentation, Design Libraries, Design Tokens 2025.10, Cross-Platform Theming, Multi-Brand Systems"
"Design Systems, Interaction & Business Value",Design Systems Governance & Scalability,Design Systems Governance & Scalability is the practice of implement version control workflow processes maintaining scalable component libraries using modern software tools like Figma and Storybook.,"Design Governance, Version Control, Storybook, Design Workflow, Scalability, Design Tokens 2025.10, Cross-Platform Theming, Multi-Brand Systems"
"Design Systems, Interaction & Business Value",Role and Types of Interaction Design,Role and Types of Interaction Design is the practice of shape user experience by balancing physical graphical informational emotional and temporal interactions to reduce cognitive load and drive engagement.,"Interaction Design, IxD, Physical Interactions, Graphical Interactions, Mental Models"
"Design Systems, Interaction & Business Value",Interaction Design Best Practices,Interaction Design Best Practices is the practice of deliver functional intuitive products by applying user-centered research interaction consistency feedback loops and continuous usability testing.,"IxD Best Practices, Feedback Loops, Accessibility, Interaction Consistency, Usability Testing"
"Design Systems, Interaction & Business Value",Responsive Design & Cross-Device UX,Responsive Design & Cross-Device UX is the practice of optimize user experience across mobile tablet and desktop screens using fluid layouts responsive images performance optimization and touch-friendly targets.,"Responsive Design, Fluid Grids, Responsive Images, Mobile UX, Cross-Device UX, Adaptive Layouts, Dynamic Materials"
"Design Systems, Interaction & Business Value",Business Value of User Experience Design,Business Value of User Experience Design explains the benefits and value of drive competitive advantage customer loyalty and brand trust through early issue identification lower development costs and improved user satisfaction.,"Business Value of UX, Competitive Advantage, Customer Retention, Reduced Development Costs, ROI of UX"
"Design Systems, Interaction & Business Value",Integrating UXD with Agile Development,Integrating UXD with Agile Development is the practice of embed user-centered design practices wireframing and continuous user testing into Agile sprints to accelerate time-to-market and enhance cross-functional collaboration.,"Agile UX, Lean UX, Sprint Planning, Agile Integration, Cross-Functional Collaboration"
"Design Systems, Interaction & Business Value",Verbal Communication & Information Architecture in UX,Verbal Communication & Information Architecture in UX is the practice of convey value propositions using concise interface text descriptive labels error messages and structured sitemaps to reduce cognitive load.,"Verbal Communication, Microcopy, Information Architecture, Navigation, Search Functionality"
"Design Systems, Interaction & Business Value",Non-Verbal & Interaction Design Communication,Non-Verbal & Interaction Design Communication is the practice of use of color hierarchy typography layouts smooth animations and interactive affordances to communicate product value non-verbally.,"Non-Verbal Communication, Visual Hierarchy, Interaction Design, Microinteractions, Feedback Mechanisms"
"Design Systems, Interaction & Business Value",Brand Consistency & Accessibility in Value Communication,Brand Consistency & Accessibility in Value Communication explains the benefits and value of reinforce product value and foster trust through cohesive brand voice style guides emotional resonance and inclusive WCAG accessibility standards.,"Brand Consistency, WCAG, Inclusive Design, Emotional Connection, Value Proposition, WCAG 2.2, Accessible Authentication, Focus Appearance"
"Design Systems, Interaction & Business Value",Benefits of UX for End Users,Benefits of UX for End Users explains the benefits and value of enhance end-user experience by boosting efficiency minimizing operational errors ensuring intuitive navigation and driving inclusive WCAG accessibility.,"User Satisfaction, User Productivity, Navigation, Error Reduction, Universal Design"
"Design Systems, Interaction & Business Value",Business Returns of Prioritizing UX,Business Returns of Prioritizing UX is the practice of maximize ROI through higher user retention early usability flaw detection reduced post-launch development expenses and brand differentiation.,"User Acquisition, Customer Retention, Reduced Development Costs, Competitive Advantage, Brand Perception"
"Design Systems, Interaction & Business Value",Core Concepts in Multi-Device Design,Core Concepts in Multi-Device Design is the foundational study of deliver consistent experiences across screen sizes using responsive web design fluid grids progressive enhancement and mobile-first principles.,"Responsive Web Design, Progressive Enhancement, Adaptability, Mobile-First Design, Fluid Grids, Adaptive Layouts, Dynamic Materials"
"Design Systems, Interaction & Business Value",Multi-Device Strategies & Input Methods,Multi-Device Strategies & Input Methods is a practical guide to adapt navigation content layout and form interactions for diverse inputs including touch mouse and voice across varied contexts of use.,"Multi-Device Strategy, Touch Targets, Input Adaptation, Context of Use, Navigation Patterns, Adaptive Layouts, Dynamic Materials"
"Design Systems, Interaction & Business Value",Technical Execution & Real-Device Testing,Technical Execution & Real-Device Testing is the systematic study and evaluation of optimize performance with CSS media queries auto-resizing media percentage layouts and real-device cross-platform usability testing.,"Media Queries, Performance Optimization, Real-Device Testing, Cross-Device Usability, Technical Execution, Experiment Instrumentation, Evidence-Based UX"
"Design Systems, Interaction & Business Value",UXD Project Parameters & Goals,UXD Project Parameters & Goals is the practice of project scope target audience business goals key deliverables and technical platform constraints to align stakeholders and design teams.,"Project Scope, Target Audience, Project Deliverables, Technical Constraints, Business Goals"
"UX Projects, Methods & Research Workflow",UX Success Metrics & Research Methods,UX Success Metrics & Research Methods is the systematic study and evaluation of evaluation of UX design effectiveness using usability testing A/B testing user surveys and task completion metrics to measure project success.,"Success Metrics, Usability Testing, A/B Testing, User Surveys, UX Performance, AI-Assisted Synthesis, Research Integrity, Human Review"
"UX Projects, Methods & Research Workflow",Standards & Governance in UX Projects,Standards & Governance in UX Projects is the practice of ways to ensure inclusive product delivery through WCAG accessibility standards stakeholder requirement management and clear project communication plans.,"Accessibility Standards, WCAG, Stakeholder Management, Project Management, Design Governance, Design Tokens 2025.10, Cross-Platform Theming, Multi-Brand Systems"
"UX Projects, Methods & Research Workflow",UXD Project Outline Stages,UXD Project Outline Stages is the practice of structure UX design projects across five core stages from project initiation and user research to design development testing and post-launch monitoring.,"Project Initiation, Design Research, Product Development, Usability Testing, Product Launch"
"UX Projects, Methods & Research Workflow",UX Project Approaches & Methodologies,UX Project Approaches & Methodologies is the practice of select optimal design frameworks such as User-Centered Design Design Thinking or Agile UX based on project scope scope constraints and team workflows.,"User-Centered Design, Design Thinking, Agile UX, Project Approach, UX Methodology"
"UX Projects, Methods & Research Workflow",Enhancing Design Pedagogy,Enhancing Design Pedagogy is the practice of incorporation of flowcharts real-world case studies interactive decision trees and visual aids to create engaging educational materials for design students.,"Visual Aids, Interactive Learning, Design Pedagogy, Decision Trees, Case Studies"
"UX Projects, Methods & Research Workflow",UXD Project Parameters & Execution,UXD Project Parameters & Execution is the practice of core project parameters including target audience goals deliverables timelines technical constraints and success metrics to establish scope.,"UX Project Scope, Target Audience, Technical Constraints, Success Metrics, Design Deliverables"
"UX Projects, Methods & Research Workflow",UX Metrics Research & Governance Standards,UX Metrics Research & Governance Standards is the systematic study and evaluation of evaluation of product outcomes through usability testing A/B testing surveys WCAG accessibility compliance and stakeholder alignment.,"Usability Testing, A/B Testing, WCAG Compliance, Stakeholder Alignment, UX Metrics, Design Tokens 2025.10, Cross-Platform Theming, Multi-Brand Systems"
"UX Projects, Methods & Research Workflow",UX Project Lifecycle Stages,UX Project Lifecycle Stages is the practice of guide design execution across five structured phases from initiation and research to development evaluation and developer handoff.,"UX Lifecycle, Design Research, Interaction Design, Product Handoff, Post-Launch Monitoring"
"UX Projects, Methods & Research Workflow",UX Methodologies & Frameworks,UX Methodologies & Frameworks is a framework for understanding select optimal design approaches such as User-Centered Design Design Thinking or Agile UX based on team structure and project complexity.,"User-Centered Design, Design Thinking, Agile UX, Project Approaches, UX Frameworks"
"UX Projects, Methods & Research Workflow",User Personas & Journey Mapping,User Personas & Journey Mapping is the study and application of develop fictional user personas and map visual end-to-end user journeys to identify goal pathways pain points and product improvement opportunities.,"User Personas, User Journey Mapping, Spotify Journey Map, Pain Points, User Demographics"
"UX Projects, Methods & Research Workflow",Information Architecture & UX Copywriting,Information Architecture & UX Copywriting is the practice of structure product navigation hierarchies and write concise guiding microcopy to ensure seamless user navigation and brand clarity.,"Information Architecture, UX Copywriting, Content Hierarchy, Navigation Pathways, Microcopy"
"UX Projects, Methods & Research Workflow",Affinity Mapping & Synthesis,Affinity Mapping & Synthesis is the study and application of group qualitative research observations into thematic clusters through affinity mapping to organize research findings and highlight patterns.,"Affinity Mapping, Research Synthesis, Qualitative Data, Pattern Recognition, Insight Grouping"
"UX Projects, Methods & Research Workflow",User Research Methods & Documentation,User Research Methods & Documentation is the systematic study and evaluation of conduct open-ended user interviews transcribe recorded feedback sessions and utilize discovery questionnaires to gather raw qualitative insights.,"User Interviews, Documentation, Discovery Questionnaire, Qualitative Research, Transcription, AI-Assisted Synthesis, Research Integrity, Human Review"
"UX Projects, Methods & Research Workflow",Design Briefs & Research Principles,Design Briefs & Research Principles is a framework for understanding draft comprehensive design briefs while applying core research principles including empathy iterative testing data triangulation and stakeholder collaboration.,"Design Brief, UX Research Principles, Data Triangulation, Iterative Research, Empathy, AI-Assisted Synthesis, Research Integrity, Human Review"
"UX Projects, Methods & Research Workflow",User Scenarios & Empathy in UX,User Scenarios & Empathy in UX is the practice of use of narrative-driven user scenarios to build empathy pinpoint key tasks and align design decisions with real-world context.,"User Scenarios, Design Empathy, User-Centered Design, Storytelling, Context of Use"
"UX Projects, Methods & Research Workflow",Complementary UX Tools & Scenario Examples,Complementary UX Tools & Scenario Examples is the practice of combine scenarios with personas and journey maps to highlight user goals streamline food delivery apps and facilitate team collaboration.,"User Personas, User Journey Maps, Task Flow, Food Delivery UX, Stakeholder Collaboration"
"UX Projects, Methods & Research Workflow",Scenarios in Usability Testing & Communication,Scenarios in Usability Testing & Communication is the systematic study and evaluation of application of real-world user scenarios during usability testing to uncover potential friction points and communicate design rationale to development teams.,"Usability Testing, Design Communication, Product Alignment, Pain Point Identification, Functional UX, Experiment Instrumentation, Evidence-Based UX"
"UX Projects, Methods & Research Workflow",Qualitative Research Synthesis,Qualitative Research Synthesis is the systematic study and evaluation of consolidate raw user data through affinity mapping user personas and journey maps to highlight overarching themes pain points and user goals.,"Affinity Mapping, User Personas, User Journey Mapping, Qualitative Synthesis, Thematic Analysis, AI-Assisted Synthesis, Research Integrity, Human Review"
"UX Projects, Methods & Research Workflow",Visual Narrative & Prototyping,Visual Narrative & Prototyping is the study and application of use of storyboarding low-fidelity wireframes and rapid prototyping to visually communicate user stories and test research-backed concepts.,"Storyboarding, Wireframing, Prototyping, Low-Fidelity Testing, Narrative Visualization"
"UX Projects, Methods & Research Workflow",Research Reporting & Stakeholder Alignment,Research Reporting & Stakeholder Alignment is the systematic study and evaluation of document research insights using data visualizations user quotes and comprehensive reports to align cross-functional teams.,"Research Reporting, UX Documentation, Data Visualization, Stakeholder Alignment, User Quotes, AI-Assisted Synthesis, Research Integrity, Human Review"
"AI-Assisted Design, Prototyping & Interface Foundations",AI-Driven UI Design Transformation,AI-Driven UI Design Transformation is the practice of accelerate design workflows from concept to production by leveraging generative AI text-to-UI prompt models rapid layout generation and automated asset creation.,"AI in UI Design, Generative AI, Prompt-to-UI, Design Automation, Workflow Acceleration, AI-Assisted Design, Prompt-to-Prototype, Human Review"
"AI-Assisted Design, Prototyping & Interface Foundations",Visual Asset Generation Tools,Visual Asset Generation Tools is the study and application of generate custom vector art high-fidelity hero imagery branded graphics and UI illustrations using Ideogram Adobe Firefly Midjourney and Recraft.,"Ideogram, Adobe Firefly, Midjourney, Recraft, Vector Art, Asset Generation, AI-Assisted Design, Prompt-to-Prototype, Human Review"
"AI-Assisted Design, Prototyping & Interface Foundations",Interface & Screen Layout Generators,Interface & Screen Layout Generators is the study and application of transform natural language prompts and hand-drawn sketches into editable multi-screen UI layouts and wireframes with Galileo AI Uizard and Relume AI.,"Galileo AI, Uizard, Relume AI, Text-to-UI, Automated Layouts, Wireframing, Adaptive Layouts, Dynamic Materials"
"AI-Assisted Design, Prototyping & Interface Foundations",Native Design & Prototyping Ecosystems,Native Design & Prototyping Ecosystems is the practice of optimize interface iteration design system management and frontend code generation using Figma AI v0 by Vercel and UX Pilot.,"Figma AI, v0 by Vercel, UX Pilot, Rapid Prototyping, Code Generation, Design Systems, Figma Make, Design-to-Code, Functional Prototypes"
"AI-Assisted Design, Prototyping & Interface Foundations",Generative Image Prompting Principles,Generative Image Prompting Principles is a framework for understanding master fundamental text-to-image techniques by using model awareness descriptive attributes emotional tone and precise keyword combinations.,"Prompt Engineering, Text-to-Image, Keyword Modifiers, Image Generation, Creative Control, AI-Assisted Design, Prompt-to-Prototype, Human Review"
"AI-Assisted Design, Prototyping & Interface Foundations",Figma AI Ecosystem & Visual Tools,Figma AI Ecosystem & Visual Tools is the study and application of integration of Figma AI tools including First Draft image generation background removal vectorization and layer organizing directly into product workflows.,"Figma AI, First Draft, Background Remover, Image Generation, UI3, AI-Assisted Design, Prompt-to-Prototype, Human Review"
"AI-Assisted Design, Prototyping & Interface Foundations",Advanced Generative AI Image Tools,Advanced Generative AI Image Tools is the study and application of leverage specialized text-to-image platforms including Ideogram Adobe Firefly Midjourney Recraft Stitch AI and Google Imagen to design UI assets.,"Adobe Firefly, Midjourney, Recraft, Stitch AI, Google Imagen, AI-Assisted Design, Prompt-to-Prototype, Human Review"
"AI-Assisted Design, Prototyping & Interface Foundations",Search Strategy & Advanced Operators,Search Strategy & Advanced Operators is the study and application of use of targeted keywords precise phrase matching exclude operators and search filters to locate specific UI UX design resources.,"Search Strategy, Search Operators, Google Search, Search Query Optimization, Advanced Search"
"AI-Assisted Design, Prototyping & Interface Foundations",Evaluating & Organizing Research Data,Evaluating & Organizing Research Data is the systematic study and evaluation of assess source credibility cross-reference multi-source findings and maintain organized repositories using bookmarks or digital note-taking tools.,"Source Credibility, Resource Curation, Research Organization, Digital Repositories, Content Assessment, AI-Assisted Synthesis, Research Integrity, Human Review"
"AI-Assisted Design, Prototyping & Interface Foundations",UI/UX Search Keyword Library,UI/UX Search Keyword Library is the practice of leverage curated keyword patterns across visual inspiration typography choices and specific UI component interactions to streamline design research.,"Search Keywords, Design Inspiration, Typography Search, UI Components, Search Patterns"
"AI-Assisted Design, Prototyping & Interface Foundations",Low-Fidelity Prototyping & Flow Validation,Low-Fidelity Prototyping & Flow Validation is the study and application of validate early information architecture user pathways and interactive navigation structures using paper sketches and low-fi wireframes.,"Low-Fidelity Prototyping, Paper Sketches, Wireframing, User Flow Validation, Information Architecture, Figma Make, Design-to-Code, Functional Prototypes"
"AI-Assisted Design, Prototyping & Interface Foundations",Medium-Fidelity Prototyping & Alignment,Medium-Fidelity Prototyping & Alignment is the study and application of bridge visual structure and functional design to communicate interaction flows clear concepts and core layouts to project stakeholders.,"Medium-Fidelity Prototyping, Stakeholder Alignment, Layout Design, Interaction Testing, Visual Structure, Figma Make, Design-to-Code, Functional Prototypes"
"AI-Assisted Design, Prototyping & Interface Foundations",High-Fidelity Prototyping & Code Prototypes,High-Fidelity Prototyping & Code Prototypes is the study and application of creation of interactive clickable mockups and HTML CSS JavaScript prototypes in tools like Figma to refine micro-interactions and visual details.,"High-Fidelity Prototyping, Clickable Mockups, Figma Prototypes, HTML Prototypes, Interactive Design, Figma Make, Design-to-Code, Functional Prototypes"
"AI-Assisted Design, Prototyping & Interface Foundations",Strategic Prototyping & UX ROI,Strategic Prototyping & UX ROI is the practice of select optimal prototyping fidelities throughout the design lifecycle to save development costs boost team collaboration and optimize product usability.,"Prototyping Strategy, UX ROI, Cost Reduction, Cross-Functional Collaboration, Iterative Testing, Figma Make, Design-to-Code, Functional Prototypes"
"AI-Assisted Design, Prototyping & Interface Foundations",Color Wheel Fundamentals & System Mechanics,Color Wheel Fundamentals & System Mechanics is the foundational study of analysis of primary secondary and tertiary color relationships using traditional and digital color wheels to structure balanced visual systems.,"Color Wheel, Primary Colors, Secondary Colors, Tertiary Colors, Visual Systems, OKLCH, CSS Color 5, Wide-Gamut Color"
"AI-Assisted Design, Prototyping & Interface Foundations",Color Harmony Schemes & Contrast Ratios,Color Harmony Schemes & Contrast Ratios is the study and application of application of complementary triadic and analogous color schemes to build strong visual impact establish hierarchy and optimize accessibility contrast.,"Color Harmonies, Triadic Colors, Color Schemes, Visual Impact, Contrast Ratios, OKLCH, CSS Color 5, Wide-Gamut Color"
"AI-Assisted Design, Prototyping & Interface Foundations",Color Psychology & Emotional Design,Color Psychology & Emotional Design is the practice of leverage psychological associations of color to evoke specific user emotions align with brand identity and set product tone.,"Color Psychology, Visual Tone, Brand Identity, Emotional Design, User Experience, OKLCH, CSS Color 5, Wide-Gamut Color"
"AI-Assisted Design, Prototyping & Interface Foundations",Image Resolution,"Image Resolution is the study and application of measurement of image detail for screens and print to ensure clarity, proper scaling, and print quality.","PPI, DPI, Clarity & Sharpness, Print Quality & Scaling, C2PA Content Credentials, Media Provenance"
"AI-Assisted Design, Prototyping & Interface Foundations",Colour Modes,Colour Modes is the study and application of an understanding of additive and subtractive colour models used across digital displays and physical printing.,"RGB, CMYK, Additive & Subtractive, Colour Gamut, OKLCH, CSS Color 5, Wide-Gamut Color"
"AI-Assisted Design, Prototyping & Interface Foundations",Specialized Print Modes,Specialized Print Modes is the study and application of monochrome and multi-ink techniques used to create unique visual depth and texture in print.,"Grayscale, Duotone, Tritone & Quadtone, Ink Blends"
"AI-Assisted Design, Prototyping & Interface Foundations",Digital vs. Print Media,"Digital vs. Print Media is the study and application of key technical differences in colour representation, output mediums, and rendering accuracy.","Display vs Paper, Screen Consistency, Ink Gamut, Colour Accuracy"
"AI-Assisted Design, Prototyping & Interface Foundations",Grid Systems,"Grid Systems is the study and application of invisible structural frameworks of intersecting lines used to organize content, spacing, and alignment across screen sizes.","Content Placement, Spacing & Alignment, Responsiveness, Visual Harmony"
"AI-Assisted Design, Prototyping & Interface Foundations",Grid Types,Grid Types is the study and application of varying structural grid approaches tailored to specific UI layouts and typography requirements.,"Column Grids, Modular Grids, Baseline Grids, Vertical & Horizontal Alignment"
"AI-Assisted Design, Prototyping & Interface Foundations",Layout Systems,Layout Systems is the study and application of pre-defined templates and component structures built on top of grids to accelerate UI development.,"Sections & Containers, Component Libraries, Design Templates, Scalable UI, Adaptive Layouts, Dynamic Materials"
"AI-Assisted Design, Prototyping & Interface Foundations",Grid & Layout Synergy,Grid & Layout Synergy is the study and application of combined use of foundational grid structures and layout systems to balance efficiency with creative design freedom.,"Underlying Structure, Efficiency & Scalability, Creative Freedom, Responsive Adaptation, Adaptive Layouts, Dynamic Materials"
"AI-Assisted Design, Prototyping & Interface Foundations",Role of UX Writing,"Role of UX Writing is the practice of using clear, concise, and accessible text to guide user actions, establish brand voice, and enhance interface usability.","Clarity & Concision, User Guidance, Brand Voice, Accessibility & Plain Language"
"AI-Assisted Design, Prototyping & Interface Foundations",UI Writing Types,UI Writing Types is the practice of categorized textual elements ranging from micro-interactions to long-form instructional content across an interface.,"Microcopy, Navigation Labels, Help Documentation, Placeholder Text & Error Messages"
"AI-Assisted Design, Prototyping & Interface Foundations",UI Writing Best Practices,"UI Writing Best Practices is the practice of core actionable strategies for crafting direct, user-focused, and easily readable interface copy.","Target Audience, Active Voice, Scannable Content, Positive Language"
"AI-Assisted Design, Prototyping & Interface Foundations",Tools & Consistency,Tools & Consistency is the study and application of frameworks and software resources used to maintain voice consistency and validate text readability across products.,"Style Guides, Readability Scoring, Terminology Standards, Microcopy Testing"
"AI-Assisted Design, Prototyping & Interface Foundations",Input Controls,"Input Controls is the study and application of interface elements enabling users to input data, select options, and trigger actions within a system.","Text & Password Fields, Dropdowns, Radio Buttons & Checkboxes, Toggles & Date Pickers"
"AI-Assisted Design, Prototyping & Interface Foundations",Navigational Components,"Navigational Components is the study and application of uI elements providing structure, spatial orientation, and seamless movement across content hierarchy.","Navigation Bars, Breadcrumbs, Tabs & Accordions, Search & Pagination, Design Tokens 2025.10, Cross-Platform Theming, Multi-Brand Systems"
"AI-Assisted Design, Prototyping & Interface Foundations",Selecting UI Components,"Selecting UI Components is the practice of guidelines for choosing appropriate UI controls based on data type, user tasks, and spatial constraints.","Data Type Matching, Task Facilitation, Screen Space, Design Consistency, Design Tokens 2025.10, Cross-Platform Theming, Multi-Brand Systems"
"AI-Assisted Design, Prototyping & Interface Foundations",Flat Hierarchies,"Flat Hierarchies is the study and application of broad, shallow navigation structures with few menu levels for fast access on simpler sites.","Few Levels, High Speed, Broad Overview, Simple UX"
"AI-Assisted Design, Prototyping & Interface Foundations",Deep Hierarchies,Deep Hierarchies is the study and application of multi-tiered menu structures designed to organize and scale large amounts of complex content.,"Multi-Level, Subcategories, High Scalability, Detailed Organization"
"AI-Assisted Design, Prototyping & Interface Foundations",Navigation Selection,Navigation Selection is the study and application of strategic decision-making guidelines for choosing menu structures based on content density and usability.,"Flat vs Deep, Breadcrumbs, Search Integration, Information Architecture"
"AI-Assisted Design, Prototyping & Interface Foundations",Associative Navigation,Associative Navigation is the study and application of contextual linking strategies that connect related content dynamically across different site sections.,"Contextual Links, Related Content, Recommended Items, Faceted Search"
"AI-Assisted Design, Prototyping & Interface Foundations",Microcopy Essentials,"Microcopy Essentials is the foundational study of brief, focused interface text snippets that guide users, prevent confusion, and drive micro-interactions.","Button Labels, Error Messages, Placeholder Text, Tooltips & Prompts"
"AI-Assisted Design, Prototyping & Interface Foundations",UX Value of Microcopy,"UX Value of Microcopy explains the benefits and value of how strategic microcopy enhances product usability, establishes brand trust, humanizes interactions, and boosts conversions.","User Guidance, Usability, Trust & Credibility, Conversion Optimization"
"AI-Assisted Design, Prototyping & Interface Foundations",Microcopy Best Practices,"Microcopy Best Practices is the study and application of core copywriting guidelines for creating clear, user-centric, accessible, and actionable interface copy.","Clarity & Concision, User-Centered, Brand Consistency, Active Voice & Testing"
"AI-Assisted Design, Prototyping & Interface Foundations",Prototyping & Wireframing Tools,"Prototyping & Wireframing Tools is the study and application of core design software platforms used for low-fidelity wireframing, high-fidelity UI vector creation, and interactive user flow prototyping.","Balsamiq, InVision, Sketch, Wireframing & Prototyping, Figma Make, Design-to-Code, Functional Prototypes"
"AI-Assisted Design, Prototyping & Interface Foundations",Tool Capabilities & Use Cases,"Tool Capabilities & Use Cases is the study and application of comparing targeted digital toolsets across low-fidelity structural planning, screen transition flows, and vector design systems.","Low-Fidelity Wireframing, Interactive Prototypes, Vector UI Design, Design Systems & Collaboration"
"AI-Assisted Design, Prototyping & Interface Foundations",UX Expert Review Overview,UX Expert Review Overview is an introduction to professional inspection method leveraging usability heuristics to identify UI issues and enhance product experience early.,"Heuristic Evaluation, Usability Inspection, Nielsen Heuristics, Expert Analysis"
"AI-Assisted Design, Prototyping & Interface Foundations",Review Workflow,Review Workflow is a practical guide to systematic step-by-step evaluation process from product preparation to actionable design recommendations.,"Preparation, Heuristic Audit, Issue Identification, Strategic Recommendations"
"AI-Assisted Design, Prototyping & Interface Foundations",Benefits & Limitations,Benefits & Limitations explains the benefits and value of balance between the cost-effectiveness and early issue detection of expert reviews against the need for validation via real user testing.,"Cost-Effective Audit, Early Issue Detection, Fresh Perspective, Complement to User Testing"
"AI-Assisted Design, Prototyping & Interface Foundations",Execution Best Practices,"Execution Best Practices is the study and application of key operational guidelines for scoping reviews, selecting qualified experts, and preparing product context for audits.","Target Domain Expertise, Scope Definition, Product Briefing, Receptive Feedback Culture"
"AI-Assisted Design, Prototyping & Interface Foundations",Heuristic Evaluation Fundamentals,Heuristic Evaluation Fundamentals is the foundational study of usability inspection method where evaluators measure an interface against established design principles and heuristics.,"Nielsen's 10 Heuristics, Usability Inspection, Design Guidelines, Evaluator Frameworks, AI-Assisted Synthesis, Research Integrity, Human Review"
"AI-Assisted Design, Prototyping & Interface Foundations",Nielsen's Core Heuristics,"Nielsen's Core Heuristics is the study and application of key principles focusing on system visibility, user control, consistency, error prevention, and cognitive load reduction.","Visibility of System Status, Error Prevention, Consistency & Standards, Recognition over Recall, AI-Assisted Synthesis, Research Integrity, Human Review"
"AI-Assisted Design, Prototyping & Interface Foundations",Evaluation Methodology,"Evaluation Methodology is the systematic study and evaluation of structured steps for conducting heuristic audits, including evaluator setup, independent passes, and severity rating.","Independent Evaluators, Double Pass Method, Usability Flaws, Severity Rating Scale"
"AI-Assisted Design, Prototyping & Interface Foundations",Audit Outcomes & Application,Audit Outcomes & Application is the study and application of translating heuristic findings into prioritized usability reports and actionable design recommendations.,"Usability Violations, Severity Scoring, Heuristic Audit Report, UI Refinement"
"AI-Assisted Design, Prototyping & Interface Foundations",Usability & Cognitive Foundations,"Usability & Cognitive Foundations is the foundational study of essential texts on mental models, human error, intuitive interaction, and visual typography principles.","The Design of Everyday Things, Don't Make Me Think, Thinking Fast and Slow, Thinking with Type"
"AI-Assisted Design, Prototyping & Interface Foundations",Design Thinking & Innovation,"Design Thinking & Innovation is the practice of books exploring empathetic product strategy, habit-forming hooks, human history, and organizational design frameworks.","Hooked, Change by Design, Well-Designed, Sapiens"
"AI-Assisted Design, Prototyping & Interface Foundations",UX Methodology & Quick Guides,UX Methodology & Quick Guides is the practice of concise references covering practical UX processes and foundational frameworks for digital product designers.,"UX in a Nutshell, Core UX Principles, UI/UX Reading List, Design Frameworks"
"AI-Assisted Design, Prototyping & Interface Foundations",Human Decision-Making in UX Design,"Human Decision-Making in UX Design is the practice of human decision-making involves evaluating information, options, and needs to choose a course of action.","Human Decision-Making, UX Design, User Behavior, Interface Design"
"AI-Assisted Design, Prototyping & Interface Foundations",Cognitive Biases,Cognitive Biases is the study and application of mental shortcuts or thinking patterns that affect choices without conscious awareness.,"Cognitive Biases, Anchoring Bias, Confirmation Bias, Mental Shortcuts"
"AI-Assisted Design, Prototyping & Interface Foundations",Emotional Influence,Emotional Influence is the study and application of emotions heavily drive user choices over pure logic.,"Emotional Design, Decision Drivers, User Experience, Emotion in UX"
"AI-Assisted Design, Prototyping & Interface Foundations",Information Overload,Information Overload is the study and application of an excessive amount of information that overwhelms cognitive capacity and hinders decision-making.,"Information Overload, Cognitive Load, Content Hierarchy, Clear UX"
"AI-Assisted Design, Prototyping & Interface Foundations",Compensatory Model,Compensatory Model is a framework for understanding a decision model where users systematically evaluate options by weighing pros and cons.,"Decision Models, Compensatory Model, Comparison Tools, Filtering"
"AI-Assisted Design, Prototyping & Interface Foundations",Non-Compensatory Model,Non-Compensatory Model is a framework for understanding a decision model where users use heuristics or shortcuts to make rapid choices based on key attributes or minimum thresholds.,"Decision Models, Non-Compensatory Model, Heuristics, Streamlined UX"
"AI-Assisted Design, Prototyping & Interface Foundations",Satisficing Model,Satisficing Model is a framework for understanding a decision strategy where users choose the first option that meets their basic requirements.,"Decision Models, Satisficing, Recommendations, Quick Selection"
"Cognitive Psychology, Behavioral Models & Persuasion",Progressive Disclosure as a Cognitive Load Strategy,"Progressive Disclosure as a Cognitive Load Strategy is the study and application of a design technique that gradually reveals information as needed using tooltips, labels, and expandable sections to prevent cognitive overload.","Design Principles, Progressive Disclosure, UI Elements, Content Delivery"
"Cognitive Psychology, Behavioral Models & Persuasion",Cognitive Enhancements,"Cognitive Enhancements is the study and application of design of features like timely reminders, notifications, and visual prompts that assist user memory and draw focus to critical information and tasks.","Design Principles, Cognitive Enhancements, Notifications, Visual Prompts"
"Cognitive Psychology, Behavioral Models & Persuasion",Feedback in Behavioral Design,"Feedback in Behavioral Design is the practice of immediate system responses using visual cues, messages, or animations to inform users of the consequences of their actions and guide them toward goals.","Design Principles, Feedback, Interactive Cues, System Response"
"Cognitive Psychology, Behavioral Models & Persuasion",Defaults,Defaults is the study and application of pre-set options or pre-filled form fields that provide contextually appropriate starting points aligned with user needs and preferences.,"Design Principles, Smart Defaults, Form Design, Friction Reduction"
"Cognitive Psychology, Behavioral Models & Persuasion",Fogg Behavior Model (FBM),Fogg Behavior Model (FBM) is a framework for understanding a framework developed by B.J.,"Fogg Behavior Model, FBM, Behavior Design, User Behavior"
"Cognitive Psychology, Behavioral Models & Persuasion",Motivation (FBM Element),Motivation (FBM Element) is the study and application of user's drive or desire to perform an action or attain a specific outcome.,"Motivation, Sensation, Anticipation, Social Cohesion, Behavioral Drives"
"Cognitive Psychology, Behavioral Models & Persuasion",Ability (FBM Element),Ability (FBM Element) is the study and application of physical and mental capacity of a user to complete a task.,"Ability, Simplicity, Cognitive Load, User Friction, Effort Reduction"
"Cognitive Psychology, Behavioral Models & Persuasion",Triggers (FBM Element),"Triggers (FBM Element) is the study and application of cues, notifications, or prompts that invite or signal a user to take action.","Triggers, Prompts, Cues, Call to Action, Timing"
"Cognitive Psychology, Behavioral Models & Persuasion",Balancing FBM in UX Design,"Balancing FBM in UX Design is the practice of practice of aligning user motivation, simplifying task execution to boost ability, and delivering timely, clear prompts to successfully guide target user behavior within an interface.","UX Strategy, Product Design, Behavioral Design, FBM Application"
"Cognitive Psychology, Behavioral Models & Persuasion",Theory of Planned Behavior (TPB),"Theory of Planned Behavior (TPB) is a framework for understanding a psychological framework explaining that behavioral intentions drive actual behavior, shaped by three core factors: attitude, subjective norms, and perceived behavioral control.","Theory of Planned Behavior, TPB, Behavioral Psychology, Intentions"
"Cognitive Psychology, Behavioral Models & Persuasion",Attitude (TPB Factor),"Attitude (TPB Factor) is the study and application of an individual's personal evaluation or feelings toward a specific behavior, where a more positive attitude increases the likelihood of engaging in that behavior.","Attitude, Behavioral Evaluation, Personal Feelings, TPB Component"
"Cognitive Psychology, Behavioral Models & Persuasion",Subjective Norms (TPB Factor),Subjective Norms (TPB Factor) is the study and application of social pressure and perceived expectations of important others regarding whether an individual should or should not perform a specific behavior.,"Subjective Norms, Social Pressure, Social Influence, TPB Component"
"Cognitive Psychology, Behavioral Models & Persuasion",Perceived Behavioral Control (TPB Factor),"Perceived Behavioral Control (TPB Factor) is the study and application of an individual's perception of their capability, including required skills, resources, and opportunities, to successfully perform a target behavior.","Perceived Behavioral Control, PBC, Self-Efficacy, Resource Availability"
"Cognitive Psychology, Behavioral Models & Persuasion",Stephen Wendell’s CREATE Action Funnel,"Stephen Wendell’s CREATE Action Funnel is the study and application of a UX design framework focused on systematically converting visitors into active customers by understanding user behavior, addressing needs, and guiding conversions through a structured four-step process.","CREATE Action Funnel, Stephen Wendell, Conversion Optimization, UX Framework"
"Cognitive Psychology, Behavioral Models & Persuasion",Establish the Objectives (CREATE Step),"Establish the Objectives (CREATE Step) is the study and application of first step of the action funnel involving clearly defining website or app goals, determining desired user actions (e.g., signing up, purchasing), and establishing criteria for successful conversion.","Establish Objectives, Goal Definition, Conversion Goals, CREATE Step"
"Cognitive Psychology, Behavioral Models & Persuasion",Understand User Mindsets (CREATE Step),"Understand User Mindsets (CREATE Step) is the study and application of second step focusing on identifying target audience needs, emotions, pain points, and preferences through user research, personas, storyboarding, and empathy mapping.","Understand User Mindsets, User Research, Personas, Empathy Mapping"
"Cognitive Psychology, Behavioral Models & Persuasion",Design the Optimal User Flow (CREATE Step),"Design the Optimal User Flow (CREATE Step) is the practice of third step dedicated to crafting a seamless, intuitive, simple, and efficient user journey from the landing page to the conversion action, integrating meaningful touchpoints.","Design Optimal User Flow, User Journey, UX Efficiency, Touchpoints"
"Cognitive Psychology, Behavioral Models & Persuasion",Refine and Test the Experience (CREATE Step),"Refine and Test the Experience (CREATE Step) is the study and application of fourth step involving wireframing, prototyping, user testing, A/B testing, and analytics to gather behavioral insights and iteratively improve design effectiveness.","Refine and Test, Usability Testing, A/B Testing, Prototyping, Iterative Design"
"Cognitive Psychology, Behavioral Models & Persuasion",Spectrum of Thinking Interventions,"Spectrum of Thinking Interventions is the study and application of a framework for UX designers to identify and apply different types of user thinking interventions—guidance-based, explanation-based, exploration-based, and creation-based—to steer the design process and impact decision-making.","Spectrum of Thinking Interventions, UX Framework, User Thinking, Design Process"
"Cognitive Psychology, Behavioral Models & Persuasion",Guidance-Based Interventions,"Guidance-Based Interventions is the practice of interventions designed to help beginners, casual users, or experts navigate a digital product with minimal effort using visual cues, signposting, and in-context tooltips or hints.","Guidance-Based, Navigation, Visual Cues, Tooltips, Signposting"
"Cognitive Psychology, Behavioral Models & Persuasion",Explanation-Based Interventions,"Explanation-Based Interventions is the study and application of interventions that provide detailed narratives, overviews, tutorials, articles, infographics, or videos to help users understand complex concepts and make informed decisions.","Explanation-Based, Tutorials, Infographics, Contextual Information, User Education"
"Cognitive Psychology, Behavioral Models & Persuasion",Exploration-Based Interventions,"Exploration-Based Interventions is the study and application of interventions that encourage self-directed learning and interaction through interactive simulations, advanced search capabilities, and multiple UI pathways for task completion.","Exploration-Based, Interactive Simulations, Advanced Search, Discovery, User Paths"
"Cognitive Psychology, Behavioral Models & Persuasion",Creation-Based Interventions,"Creation-Based Interventions is the study and application of interventions that engage users as active co-creators by providing tools to customize interfaces, generate content, and manage personalized preferences, settings, and configurations.","Creation-Based, Customization, Co-Creation, User Content, Settings Management"
"Cognitive Psychology, Behavioral Models & Persuasion",Dual Process Theory,"Dual Process Theory is a framework for understanding a psychological framework suggesting human thinking operates on two levels: System 1 (fast, intuitive, automatic) and System 2 (slow, deliberate, logical).","Dual Process Theory, System 1, System 2, Cognitive Psychology, UX Strategy"
"Cognitive Psychology, Behavioral Models & Persuasion",System 1 Thinking,"System 1 Thinking is the study and application of an intuitive, fast, and automatic level of thinking relying on heuristics, emotions, and past experiences.","System 1, Intuitive Thinking, Heuristics, Fast Thinking, Mental Shortcuts"
"Cognitive Psychology, Behavioral Models & Persuasion",System 2 Thinking,"System 2 Thinking is the study and application of a deliberate, slow, and logical level of thinking involving conscious control and high mental effort to handle complex problems.","System 2, Deliberate Thinking, Logical Processing, Slow Thinking, Cognitive Effort"
"Cognitive Psychology, Behavioral Models & Persuasion",UX Design Applications for Dual Process Theory,"UX Design Applications for Dual Process Theory is a framework for understanding strategies for designing interfaces that accommodate both thinking systems, including simplifying tasks, providing visual cues, minimizing errors, accommodating thinking styles, and testing.","UX Design, Dual Process Application, Cognitive Load, Error Prevention, Interface Design"
"Cognitive Psychology, Behavioral Models & Persuasion",Gestalt Principles,"Gestalt Principles is a framework for understanding a set of psychological rules explaining how human brains naturally perceive, organize, and group visual elements into meaningful wholes.","Gestalt Principles, Visual Perception, UX Design, Psychology"
"Cognitive Psychology, Behavioral Models & Persuasion",Figure-Ground (Gestalt Principle),"Figure-Ground (Gestalt Principle) is the study and application of principle describing how brains differentiate an object in focus (the figure) from its background based on contrast, brightness, and closure.","Figure-Ground, Visual Hierarchy, Contrast, Gestalt Principle"
"Cognitive Psychology, Behavioral Models & Persuasion",Similarity (Gestalt Principle),"Similarity (Gestalt Principle) is the study and application of tendency of the brain to group visual elements sharing common features like color, shape, size, or orientation to create order and identify patterns.","Similarity, Grouping, Pattern Recognition, Visual Order"
"Cognitive Psychology, Behavioral Models & Persuasion",Proximity (Gestalt Principle),"Proximity (Gestalt Principle) is the study and application of principle stating that elements positioned close to one another are perceived as more related than elements spaced farther apart, establishing visual hierarchy.","Proximity, Visual Hierarchy, Grouping, Layout Design"
"Cognitive Psychology, Behavioral Models & Persuasion",Continuity (Gestalt Principle),"Continuity (Gestalt Principle) is the practice of tendency of the brain to perceive elements arranged along a line or smooth curve as connected, guiding the viewer's eye and creating visual flow.","Continuity, Visual Flow, Directional Cues, Gestalt Principle"
"Cognitive Psychology, Behavioral Models & Persuasion",Closure (Gestalt Principle),"Closure (Gestalt Principle) is the study and application of brain's tendency to fill in gaps and complete unfinished shapes or figures, allowing users to recognize patterns even when parts are missing.","Closure, Pattern Completion, Visual Perception, Gestalt Principle"
"Cognitive Psychology, Behavioral Models & Persuasion",Prägnanz or Simplicity (Gestalt Principle),"Prägnanz or Simplicity (Gestalt Principle) is the study and application of principle stating that the brain naturally prefers simplicity, order, and clarity when interpreting complex visual elements, minimizing clutter.","Prananz, Simplicity, Order, Cognitive Load, Clean Design"
"Cognitive Psychology, Behavioral Models & Persuasion",Nudge Theory,"Nudge Theory is a framework for understanding a behavioral science concept by Richard Thaler and Cass Sunstein showing how small, subtle environmental changes significantly influence human decision-making and encourage better choices without heavy-handed rules.","Nudge Theory, Behavioral Science, Richard Thaler, Cass Sunstein, UX Strategy"
"Cognitive Psychology, Behavioral Models & Persuasion",Choice Architecture (Nudge Theory),"Choice Architecture (Nudge Theory) is a framework for understanding designing the layout, structure, and ordering of options to influence user decisions, such as placing preferred choices prominently at the top of a list.","Choice Architecture, Layout Design, Option Ordering, Nudge Application"
"Cognitive Psychology, Behavioral Models & Persuasion",Defaults (Nudge Theory),Defaults (Nudge Theory) is a framework for understanding setting pre-selected options—such as eco-friendly shipping or secure privacy settings—that guide users toward beneficial decisions by reducing friction.,"Defaults, Pre-Selected Options, Friction Reduction, Ethical Nudging"
"Cognitive Psychology, Behavioral Models & Persuasion",Social Proof (Nudge Theory),"Social Proof (Nudge Theory) is a framework for understanding using peer behavior, ratings, reviews, or metrics showing others taking action to influence a user's choices and build trust.","Social Proof, User Reviews, Peer Influence, Trust Building"
"Cognitive Psychology, Behavioral Models & Persuasion",Timely Interventions (Nudge Theory),"Timely Interventions (Nudge Theory) is a framework for understanding providing contextual guidance, assistance, or reminders at critical moments in the user journey when complexity rises or motivation wavers.","Timely Interventions, Contextual Help, User Journey, Behavioral Cues"
"Cognitive Psychology, Behavioral Models & Persuasion",Ethical Nudging in UX,"Ethical Nudging in UX is the practice of practice of balancing positive behavioral promotion with user autonomy, avoiding manipulation or deception to foster a user-centric design approach.","Ethical Nudging, User Autonomy, Transparent Design, User-Centric UX"
"Cognitive Psychology, Behavioral Models & Persuasion",Persuasive Technology,"Persuasive Technology is the study and application of integration of psychology and design to leverage digital products to influence human behavior, encourage habits, and prompt specific user actions.","Persuasive Technology, Behavior Design, UX Psychology, User Influence"
"Cognitive Psychology, Behavioral Models & Persuasion",Reinforcement (Persuasive Technology),"Reinforcement (Persuasive Technology) is the study and application of providing positive feedback, rewards, badges, or points within a gamified interface to encourage and validate the completion of specific user actions.","Reinforcement, Gamification, Rewards, Positive Feedback"
"Cognitive Psychology, Behavioral Models & Persuasion",Social Influence (Persuasive Technology),"Social Influence (Persuasive Technology) is the study and application of leveraging social connections, peer norms, and network activity—such as showing friend recommendations or popular choices—to guide user actions.","Social Influence, Peer Pressure, Social Proof, Network Cues"
"Cognitive Psychology, Behavioral Models & Persuasion",Scarcity (Persuasive Technology),Scarcity (Persuasive Technology) is the study and application of creation of a perception of limited availability or time-sensitive offers to instill urgency and motivate prompt user action to prevent missing out.,"Scarcienty, Urgency, Limited Availability, Conversion Tactics"
"Cognitive Psychology, Behavioral Models & Persuasion",Personalization (Persuasive Technology),"Personalization (Persuasive Technology) is the study and application of tailoring content, features, or experiences based on individual user preferences, behaviors, or details to increase relevance and engagement.","Personalization, Tailored UX, User Preferences, Engagement"
"Cognitive Psychology, Behavioral Models & Persuasion",Commitment and Consistency (Persuasive Technology),"Commitment and Consistency (Persuasive Technology) is the study and application of encouraging small initial commitments and gradually scaling up to larger ones over time by breaking down tasks into manageable, milestone-based steps.","Commitment and Consistency, Small Steps, Incremental Actions, User Journey"
"Cognitive Psychology, Behavioral Models & Persuasion",Ethical Persuasion in UX,"Ethical Persuasion in UX is the practice of responsible application of persuasive techniques focused on the user's best interests while avoiding exploitation, deception, or negative manipulation.","Ethical UX, Responsible Design, User Autonomy, Anti-Exploitation"
"Cognitive Psychology, Behavioral Models & Persuasion",Behavior Design,"Behavior Design is the practice of an approach blending psychology, neuroscience, and design principles to comprehend and influence human behavior, simplifying how users achieve goals within a system.","Behavior Design, UX Psychology, Behavioral Science, User Goals"
"Cognitive Psychology, Behavioral Models & Persuasion",Motivation in Behavior Design,"Motivation in Behavior Design is the practice of an understanding of user drives—such as personal interests, external rewards, or social influence—that encourage users to take action.","Motivation, User Drives, Rewards, Social Influence"
"Cognitive Psychology, Behavioral Models & Persuasion",Ability in Behavior Design,"Ability in Behavior Design is the practice of ensuring users possess the necessary skills, time, and resources to complete a desired action smoothly.","Ability, User Resources, Skills, Friction Reduction"
"Cognitive Psychology, Behavioral Models & Persuasion",Triggers in Behavior Design,"Triggers in Behavior Design is the practice of implementing well-timed prompts, cues, or notifications within an interface to encourage users to take specific actions.","Triggers, Prompts, Timely Interventions, Call to Action"
"Cognitive Psychology, Behavioral Models & Persuasion",Behavior Design Implementation,"Behavior Design Implementation is a practical guide to the continuous process of identifying user goals, analyzing environmental barriers, designing solutions addressing motivation and ability, and testing iteratively.","Behavior Design Process, Iterative Testing, UX Strategy, Barrier Analysis"
"Cognitive Psychology, Behavioral Models & Persuasion",Behavioural Science in UX,"Behavioural Science in UX is the practice of a multidisciplinary field drawing from psychology, sociology, and anthropology to examine human behavior and factors influencing decisions, actions, and emotions to enhance UX.","Behavioural Science, UX Design, Human Behavior, Engagement"
"Cognitive Psychology, Behavioral Models & Persuasion",Cognitive Biases (Behavioural Science),"Cognitive Biases (Behavioural Science) is the study and application of mental shortcuts leading to judgments or irrational choices, such as the anchoring effect, which designers can leverage to guide user behavior.","Cognitive Biases, Anchoring Effect, Mental Shortcuts, Behavioral Principle"
"Cognitive Psychology, Behavioral Models & Persuasion",Loss aversion (Behavioural Science),"Loss aversion (Behavioural Science) is the study and application of psychological tendency where individuals heavily prioritize avoiding losses over acquiring equivalent gains, used by designers to boost motivation.","Loss Aversion, Motivation, Risk Avoidance, Behavioral Principle"
"Cognitive Psychology, Behavioral Models & Persuasion",Social Proof (Behavioural Science),"Social Proof (Behavioural Science) is the study and application of tendency for people to look to others for behavioral cues in uncertainty, leveraged through testimonials, ratings, and user-generated content.","Social Proof, Testimonials, User Ratings, Peer Influence"
"Cognitive Psychology, Behavioral Models & Persuasion",Incentivization (Behavioural Science),"Incentivization (Behavioural Science) is the study and application of encouraging deeper user engagement and task completion through rewards, gamification, or exclusive benefits.","Incentivization, Gamification, Rewards, Engagement"
"Cognitive Psychology, Behavioral Models & Persuasion",Choice Architecture (Behavioural Science),Choice Architecture (Behavioural Science) is the study and application of practice of structuring and presenting choices to guide users toward desired outcomes and simplify decision-making.,"Choice Architecture, Option Presentation, Decision-Making, UX Strategy"
"Cognitive Psychology, Behavioral Models & Persuasion",Habit Formation (Behavioural Science),Habit Formation (Behavioural Science) is the study and application of designing elements that reinforce routine usage and solve recurring pain points to drive long-term user retention and engagement.,"Habit Formation, User Retention, Routine Usage, Engagement Strategy"
"Cognitive Psychology, Behavioral Models & Persuasion",Behavioral Economics,"Behavioral Economics is the study and application of a subfield of economics studying psychological, social, and emotional factors influencing decision-making, explaining why people deviate from traditional rational utility-maximizing models.","Behavioral Economics, Decision-Making, Psychology, Economic Behavior"
"Cognitive Psychology, Behavioral Models & Persuasion",Bounded Rationality (Behavioral Economics),"Bounded Rationality (Behavioral Economics) is the study and application of concept that people make decisions under constraints of limited information, cognitive capacity, and personal biases rather than absolute rationality.","Bounded Rationality, Cognitive Constraints, Limited Information, Rationality"
"Cognitive Psychology, Behavioral Models & Persuasion",Prospect Theory (Behavioral Economics),"Prospect Theory (Behavioral Economics) is a framework for understanding the principle that individuals perceive losses and gains asymmetrically, experiencing greater emotional pain from a loss than equivalent satisfaction from a gain.","Prospect Theory, Loss Aversion, Asymmetric Perception, Behavioral Economics"
"Cognitive Psychology, Behavioral Models & Persuasion",Anchoring (Behavioral Economics),"Anchoring (Behavioral Economics) is the study and application of tendency for people to rely heavily on an initial reference point (the anchor) when estimating value, which can skew subsequent economic or decision judgments.","Anchoring, Reference Points, Value Estimation, Cognitive Biases"
"Cognitive Psychology, Behavioral Models & Persuasion",Mental Accounting (Behavioral Economics),"Mental Accounting (Behavioral Economics) is the study and application of psychological process where individuals mentally categorize and allocate funds or expenses differently, leading to biases like the sunk cost fallacy or endowment effect.","Mental Accounting, Sunk Cost Fallacy, Endowment Effect, Financial Behavior"
"Cognitive Psychology, Behavioral Models & Persuasion",Nudging (Behavioral Economics),"Nudging (Behavioral Economics) is the study and application of subtle modifications to choice architecture that steer people toward better decisions without restricting freedom, using defaults, framing, or social proof.","Nudging, Choice Architecture, Defaults, Framing, Behavioral Influence"
"Cognitive Psychology, Behavioral Models & Persuasion",Behavioral Economics in UX,Behavioral Economics in UX is the practice of applying behavioral economics principles in UX design—such as reducing cognitive load and structuring options effectively—to aid decision-making and elevate satisfaction.,"UX Design, Behavioral Economics, Cognitive Load, Decision Support"
"Cognitive Psychology, Behavioral Models & Persuasion",Behavior Change Strategies,Behavior Change Strategies is a practical guide to techniques applied in UX design to motivate and support users in adopting new behaviors or breaking old ones to achieve specific goals like productivity or health.,"Behavior Change, UX Strategy, Product Design, User Habits"
"Cognitive Psychology, Behavioral Models & Persuasion",Goal Setting (Behavior Change),"Goal Setting (Behavior Change) is the study and application of encouraging users to establish specific, measurable, achievable, relevant, and time-bound (SMART) goals to focus effort and track progress.","Goal Setting, SMART Goals, Tracking, User Focus"
"Cognitive Psychology, Behavioral Models & Persuasion",Feedback and Rewards (Behavior Change),Feedback and Rewards (Behavior Change) is the study and application of providing real-time progress updates and positive reinforcement through elements like badges or points to drive motivation and engagement.,"Feedback, Rewards, Positive Reinforcement, Gamification"
"Cognitive Psychology, Behavioral Models & Persuasion",Social Comparisons (Behavior Change),Social Comparisons (Behavior Change) is the study and application of tapping into social influence and normative pressure by facilitating comparisons between individuals or groups to encourage competition or collaboration.,"Social Comparisons, Social Influence, Peer Pressure, Competition"
"Cognitive Psychology, Behavioral Models & Persuasion",Reminders and Prompts (Behavior Change),Reminders and Prompts (Behavior Change) is the study and application of sending timely cues or prompts to make desired behaviors more salient and top of mind for the user.,"Reminders, Prompts, Cues, User Engagement, AI-Assisted Design, Prompt-to-Prototype, Human Review"
"Cognitive Psychology, Behavioral Models & Persuasion",Choice Architecture (Behavior Change),"Choice Architecture (Behavior Change) is the study and application of structuring options, defaults, and information presentation to nudge users toward better decisions without restricting freedom of choice.","Choice Architecture, Defaults, Nudging, Decision Making"
"Cognitive Psychology, Behavioral Models & Persuasion",Modelling and Stories (Behavior Change),"Modelling and Stories (Behavior Change) is a framework for understanding using role models, case studies, testimonials, or narratives to provide inspiration and social proof that behavior change is achievable.","Modelling, Stories, Social Proof, Inspiration"
"Cognitive Psychology, Behavioral Models & Persuasion",Progressive Disclosure (Behavior Change),"Progressive Disclosure (Behavior Change) is the study and application of gradually introducing advanced content, features, or challenges to build user skills and confidence while preventing cognitive overload.","Progressive Disclosure, Skill Building, Overload Prevention, UX Design"
"Cognitive Psychology, Behavioral Models & Persuasion",Personalization and Tailoring (Behavior Change),"Personalization and Tailoring (Behavior Change) is the study and application of customizing content and recommendations based on user preferences, history, or characteristics to maximize intervention relevance and effectiveness.","Personalization, Tailoring, Custom Experience, Relevance, AI-Assisted Design, Prompt-to-Prototype, Human Review"
"Cognitive Psychology, Behavioral Models & Persuasion",BJ Fogg's Behavior Grid,BJ Fogg's Behavior Grid is the study and application of a framework created by B.J.,"Behavior Grid, B.J. Fogg, Behavior Types, UX Strategy"
"Cognitive Psychology, Behavioral Models & Persuasion",Duration (Behavior Grid Dimension),"Duration (Behavior Grid Dimension) is the study and application of timeframe dimension of behaviors, classified into one-time actions (e.g., signing up), short-term behaviors (e.g., trials), and long-term ongoing behaviors (e.g., continued use).","Duration, One-Time Behavior, Short-Term, Long-Term, Grid Dimension"
"Cognitive Psychology, Behavioral Models & Persuasion",Frequency (Behavior Grid Dimension),"Frequency (Behavior Grid Dimension) is the study and application of regularity dimension of behaviors, categorized into single-instance (e.g., password entry), infrequent (e.g., weekly posting), and frequent consistent actions (e.g., daily checking).","Frequency, Single-Instance, Infrequent, Frequent, Grid Dimension"
"Cognitive Psychology, Behavioral Models & Persuasion",Intensity (Behavior Grid Dimension),"Intensity (Behavior Grid Dimension) is the study and application of impact or importance dimension of behaviors, ranging from low-stakes actions (e.g., profile pictures) to medium-stakes (e.g., sharing personal info) and high-stakes behaviors (e.g., purchasing).","Intensity, Low-Stakes, Medium-Stakes, High-Stakes, Grid Dimension"
"Cognitive Psychology, Behavioral Models & Persuasion",UX Application of the Behavior Grid,"UX Application of the Behavior Grid is the practice of practice of utilizing the 15 behavior types within the grid to categorize user actions, customize design approaches, and analyze motivations, triggers, and obstacles for interventions.","Behavior Grid Application, UX Design, Behavioral Interventions, User Motivation"
"Cognitive Psychology, Behavioral Models & Persuasion",Nir Eyal’s Hook Model,Nir Eyal’s Hook Model is a framework for understanding a four-component framework developed by Nir Eyal designed to create habit-forming products and foster repeat user engagement by guiding users through a continuous psychological loop.,"Hook Model, Nir Eyal, Habit-Forming Products, User Engagement"
"Cognitive Psychology, Behavioral Models & Persuasion",Trigger (Hook Model),"Trigger (Hook Model) is a framework for understanding the initial cue prompting users to take action, categorized into external stimuli (notifications, ads, recommendations) and internal triggers stemming from thoughts or emotions like boredom.","Trigger, External Triggers, Internal Triggers, Cues"
"Cognitive Psychology, Behavioral Models & Persuasion",Action (Hook Model),"Action (Hook Model) is a framework for understanding the simple task a user performs in response to a trigger, designed to be easy to execute with a clear connection to the prompt, such as swiping on a profile.","Action, User Task, Simple Execution, Response"
"Cognitive Psychology, Behavioral Models & Persuasion",Variable Reward (Hook Model),"Variable Reward (Hook Model) is a framework for understanding providing unpredictable levels of gratification or rewards for user actions—such as random social likes or comments—to maintain user curiosity, engagement, and repeat behavior.","Variable Rewards, Gratification, Unpredictability, Engagement Loop"
"Cognitive Psychology, Behavioral Models & Persuasion",Investment (Hook Model),"Investment (Hook Model) is a framework for understanding the time, effort, or data users put into a product (e.g., creating profiles, adding friends, curating content) that increases ownership and drives future return visits.","Investment, User Effort, Sense of Ownership, Retention Strategy"
"Cognitive Psychology, Behavioral Models & Persuasion",Cue-Routine-Reward Model,"Cue-Routine-Reward Model is a framework for understanding a neurological framework, also known as the Habit Loop, describing how habits are formed and maintained through three core components: cue, routine, and reward.","Cue-Routine-Reward Model, Habit Loop, Habit Formation, Neuroscience"
"Cognitive Psychology, Behavioral Models & Persuasion",Cue (Habit Loop),"Cue (Habit Loop) is the study and application of a stimulus or trigger that prompts the brain to initiate a habit, such as a phone notification, specific location, or daily routine.","Cue, Habit Loop, Trigger, Stimulus"
"Cognitive Psychology, Behavioral Models & Persuasion",Routine (Habit Loop),"Routine (Habit Loop) is the study and application of actual automated behavior or default action taken in response to a cue, executed without significant conscious thought.","Routine, Habit Loop, Automated Behavior, User Action"
"Cognitive Psychology, Behavioral Models & Persuasion",Reward (Habit Loop),"Reward (Habit Loop) is the study and application of satisfaction, positive reinforcement, or dopamine release resulting from completing a routine, which strengthens and reinforces the habit over time.","Reward, Habit Loop, Positive Reinforcement, Dopamine"
"Cognitive Psychology, Behavioral Models & Persuasion",UX Application of the Cue-Routine-Reward Model,"UX Application of the Cue-Routine-Reward Model is a framework for understanding strategies for leveraging habit loops in UX design by identifying triggers, designing seamless routines, and delivering meaningful rewards like personalization or social validation.","UX Strategy, Habit Loop Application, User Retention, Engagement"
"Cognitive Psychology, Behavioral Models & Persuasion",Support Conscious Action,"Support Conscious Action is the study and application of a behavior change process focused on understanding user interaction factors and applying strategies to help users adopt new, desirable behaviors, fostering comfort, confidence, and effective experiences.","Support Conscious Action, Behavior Change, UX Strategy, User Experience"
"Cognitive Psychology, Behavioral Models & Persuasion",Understand Current Behavior,"Understand Current Behavior is the study and application of initial step in behavior change requiring user research through interviews, surveys, and observation to identify existing user habits, pain points, and motivations.","User Research, Current Behavior, Pain Points, UX Foundation"
"Cognitive Psychology, Behavioral Models & Persuasion",Set Clear Goals (Behavior Change),"Set Clear Goals (Behavior Change) is the study and application of defining specific, measurable, attainable, and relevant objectives for desired behavior changes, such as increasing completed tasks or reducing completion time.","Goal Setting, Metrics, Behavior Objectives, Product Success"
"Cognitive Psychology, Behavioral Models & Persuasion",Leverage Behavioral Psychology,"Leverage Behavioral Psychology is the study and application of applying psychological theories like the Fogg Behavior Model or Theory of Planned Behavior to design interventions targeting motivation, ability, and triggers.","Behavioral Psychology, Fogg Model, Theory of Planned Behavior, Interventions"
"Cognitive Psychology, Behavioral Models & Persuasion",Design for Simplicity (Behavior Change),"Design for Simplicity (Behavior Change) is the practice of making desired behaviors easy to adopt by eliminating barriers, streamlining processes, and minimizing the cognitive load needed for task execution.","Simplicity, Friction Reduction, Cognitive Load, Usability"
"Cognitive Psychology, Behavioral Models & Persuasion",Provide Feedback and Reinforcement,"Provide Feedback and Reinforcement is the study and application of using immediate, clear, and specific feedback alongside positive reinforcement like rewards or praise to encourage ongoing user engagement.","Feedback, Positive Reinforcement, Rewards, User Engagement"
"Cognitive Psychology, Behavioral Models & Persuasion",Leverage Social Influence (Behavior Change),"Leverage Social Influence (Behavior Change) is the study and application of incorporating elements of social proof, competition, or collaboration into UX design, recognizing that people are influenced by the behaviors of others.","Social Influence, Social Proof, Collaboration, Peer Dynamics"
"Cognitive Psychology, Behavioral Models & Persuasion",Personalize the Experience (Behavior Change),"Personalize the Experience (Behavior Change) is the study and application of tailoring onboarding, messaging, and content to individual user preferences and learning styles to boost engagement and behavior adoption.","Personalization, Tailored UX, Custom Onboarding, Engagement"
"Cognitive Psychology, Behavioral Models & Persuasion",Iterate and Evaluate,"Iterate and Evaluate is the study and application of continuously testing, refining, and evaluating the success of behavioral interventions by measuring shifts in user actions and adjusting approaches accordingly.","Iterative Design, Evaluation, UX Testing, Behavior Tracking"
"Cognitive Psychology, Behavioral Models & Persuasion",UX Design Objective,"UX Design Objective is the practice of a key objective of UX design is to lead users through the intended flow of an application or website, prompting behavioral or habit changes by educating and encouraging users.","UX Design, User Flow, Behavior Change"
"Behavior Change, Habits & Guided Interaction",Guidance,"Guidance is the practice of provide clear and concise instructions, explanations, and help text using onboarding tutorials, tooltips, and contextual help to ensure users understand the application and change behavior if required.","Guidance, Onboarding, Tooltips, Contextual Help"
"Behavior Change, Habits & Guided Interaction",Feedback for Guided Interaction,"Feedback for Guided Interaction is the practice of give users real-time feedback as they interact with the application, ranging from basic notifications to detailed information tailored to specific behaviors, such as an interactive password strength meter.","Feedback, Real-time, Notifications, Password Strength"
"Behavior Change, Habits & Guided Interaction",Positive Reinforcement for Habit Formation,"Positive Reinforcement for Habit Formation is the study and application of encourage users to continue using the application by rewarding them for achieving milestones or completing tasks through gamification elements like badges, points, and progress indicators.","Positive Reinforcement, Gamification, Badges, Points"
"Behavior Change, Habits & Guided Interaction",Social Influence,Social Influence is the study and application of use of social proof to promote a change in user behavior by showcasing the actions or opinions of other users to create a sense of community and drive trend-following.,"Social Influence, Social Proof, Community, Trends"
"Behavior Change, Habits & Guided Interaction",Personalization,"Personalization is the study and application of cater to users by presenting tailored content based on preferences, usage patterns, and prior interactions to increase investment, engagement, and repeat visits.","Personalization, Tailored Content, Preferences, Recommendations"
"Behavior Change, Habits & Guided Interaction",Defaulting,Defaulting is the study and application of setting options or settings in advance based on the most commonly chosen or preferred option to make decision-making easier and reduce effort.,"Defaulting, UX Design, Decision Making, Usability"
"Behavior Change, Habits & Guided Interaction",Saves Time and Effort,"Saves Time and Effort is the study and application of users do not have to make unnecessary selections, which speeds up the overall process and interaction.","Saves Time, Efficiency, User Experience, Interaction Speed"
"Behavior Change, Habits & Guided Interaction",Reduces Cognitive Load,"Reduces Cognitive Load is the study and application of users do not need to think excessively about their choices, making the experience less mentally taxing.","Cognitive Load, Mental Effort, UX Principles, Simplification"
"Behavior Change, Habits & Guided Interaction",Guides User Behavior,Guides User Behavior is the practice of defaults gently steer users toward a recommended option to ensure a smoother experience.,"Behavior Guidance, Recommendations, User Flow, Streamlining"
"Behavior Change, Habits & Guided Interaction",Prevents Errors,Prevents Errors is the study and application of minimizes the chances of users making unintentional mistakes by omitting a required choice.,"Error Prevention, Mistake Reduction, UX Reliability, Interface Design"
"Behavior Change, Habits & Guided Interaction",Enhances User Satisfaction,"Enhances User Satisfaction is the study and application of a well-chosen default aligns with user preferences, leading to a more positive experience.","User Satisfaction, Preferences, Positive Experience, Usability"
"Behavior Change, Habits & Guided Interaction",Increases Completion Rates,Increases Completion Rates is the study and application of streamlining the process ensures more users are likely to complete tasks or transactions successfully.,"Completion Rates, Conversion, Tasks, Transactions"
"Behavior Change, Habits & Guided Interaction",Consider User Needs,Consider User Needs is the study and application of defaults must align with the most common or preferred user actions based on research and audience understanding.,"User Needs, Preferences, User Research, Audience Understanding"
"Behavior Change, Habits & Guided Interaction",Be Transparent,Be Transparent is the study and application of make it clear to users that choices have been pre-selected on their behalf and offer ways to change them if needed.,"Transparency, Pre-selected Choices, User Control, Accountability"
"Behavior Change, Habits & Guided Interaction",Regularly Review and Adjust,Regularly Review and Adjust is the study and application of review and adjust default settings as the user base or product evolves to ensure ongoing relevance and helpfulness.,"Review, Adjustment, Product Evolution, Relevance"
"Behavior Change, Habits & Guided Interaction",Making it Incidental,Making it Incidental is the study and application of subtly introducing a feature or element while the user is focused on their primary task to maintain flow and allow natural discovery.,"Incidental UX, User Flow, Natural Discovery, Seamless Integration"
"Behavior Change, Habits & Guided Interaction",Less Overwhelming,Less Overwhelming is the study and application of users are not bombarded with excessive information at once because the introduction happens during engagement in another task.,"Overload Prevention, Simplicity, User Experience, Information Density"
"Behavior Change, Habits & Guided Interaction",Avoids Distractions,"Avoids Distractions is the study and application of prevents disruption of the application flow, allowing users to maintain focus on their original task.","Distraction Avoidance, Focus, User Flow, Continuity"
"Behavior Change, Habits & Guided Interaction",Increases User Engagement,"Increases User Engagement is the study and application of users chance upon useful features, deepening their connection and long-term interaction with the product.","Engagement, Product Connection, Feature Discovery, Retention"
"Behavior Change, Habits & Guided Interaction",Progressive Disclosure for Guided Behavior Change,Progressive Disclosure for Guided Behavior Change is the practice of reveal information or features only when relevant in the context of the user’s current task.,"Progressive Disclosure, Contextual Timing, Information Architecture, UX Techniques"
"Behavior Change, Habits & Guided Interaction",Guided Interactions,Guided Interactions is the practice of an introduction to features while users are actively engaged in tasks so discovery is an organic part of the interaction.,"Guided Interactions, Active Engagement, Organic Discovery, User Journey"
"Behavior Change, Habits & Guided Interaction",Contextual Hints,Contextual Hints is the study and application of provide subtle cues or suggestions signaling the presence of additional features for use when needed.,"Contextual Hints, Subtle Cues, Suggestions, Feature Awareness"
"Behavior Change, Habits & Guided Interaction",Automate the Act of Repetition,"Automate the Act of Repetition is the study and application of minimizing or removing repeated actions in UX design by automating tasks to save time, reduce errors, and improve user satisfaction and efficiency.","Automation, UX Design, Efficiency, Repetition Reduction"
"Behavior Change, Habits & Guided Interaction",Save Time,"Save Time is the study and application of cutting down on repeated actions allows users to complete tasks more quickly, directly increasing overall productivity.","Time Savings, Productivity, User Efficiency, Task Completion"
"Behavior Change, Habits & Guided Interaction",Reduce Errors,Reduce Errors is the study and application of automating tasks minimizes human error and ensures that actions are completed correctly and consistently every time.,"Error Reduction, Accuracy, Consistency, Automation Benefits"
"Behavior Change, Habits & Guided Interaction",Improve User Satisfaction,Improve User Satisfaction is the study and application of reducing tedious tasks leads to a more positive user experience and helps increase user retention over time.,"User Satisfaction, Retention, Positive Experience, Tedium Reduction"
"Behavior Change, Habits & Guided Interaction",Pre-fill Forms / Defaulting,"Pre-fill Forms / Defaulting is the study and application of auto-fill form fields with previously entered or likely information, such as name, email, or phone number, to save user time and effort.","Pre-fill Forms, Defaulting, Auto-fill, Data Entry"
"Behavior Change, Habits & Guided Interaction",Remember User Preferences,"Remember User Preferences is the study and application of store user settings and preferences, such as preferred language, currency, or theme, so users do not have to reset them on every visit.","Preferences, User Settings, Personalization, Persistence"
"Behavior Change, Habits & Guided Interaction",Smart Suggestions,Smart Suggestions is the study and application of implement predictive text or auto-suggestions based on user input or past behavior to help users complete tasks quickly.,"Smart Suggestions, Predictive Text, Auto-suggestions, Past Behavior"
"Behavior Change, Habits & Guided Interaction",Batch Actions,Batch Actions is the study and application of allow users to perform actions like selecting or deleting items in groups rather than individually to reduce clicks and time.,"Batch Actions, Grouping, Efficiency, Click Reduction"
"Behavior Change, Habits & Guided Interaction",Keyboard Shortcuts,"Keyboard Shortcuts is the study and application of provide keyboard shortcuts for common actions to enable task execution without a mouse or touch interactions, aiding power users and accessibility.","Keyboard Shortcuts, Power Users, Accessibility, Navigation"
"Behavior Change, Habits & Guided Interaction",Identify User Goals and Barriers,Identify User Goals and Barriers is the study and application of determine the end goals of users and identify obstacles inhibiting them from achieving desired outcomes to help them overcome challenges and form new habits.,"Goals, Barriers, Habit Formation, UX Design"
"Behavior Change, Habits & Guided Interaction",Utilize Triggers,"Utilize Triggers is the study and application of incorporation of visual, auditory, or contextual prompts into a design to remind users to take specific actions and improve habit formation.","Triggers, Prompts, Visual Cues, Notifications"
"Behavior Change, Habits & Guided Interaction",Simplify the Process,"Simplify the Process is the study and application of break down complex tasks or goals into smaller, more manageable steps to make habit formation easier, reduce overwhelm, and ensure users stick to desired behaviors.","Simplification, Task Breakdown, Usability, Behavior Change"
"Behavior Change, Habits & Guided Interaction",Incorporate Feedback and Rewards,Incorporate Feedback and Rewards is the study and application of provide immediate feedback on progress and offer rewards like badges or points as positive reinforcement to motivate users and maintain engagement.,"Feedback, Rewards, Positive Reinforcement, Gamification"
"Behavior Change, Habits & Guided Interaction",Leverage Social Influence,"Leverage Social Influence is the study and application of incorporation of social elements into the design to promote peer behavior, healthy competition, and a sense of community that incentivizes new habits.","Social Influence, Social Proof, Community, Competition"
"Behavior Change, Habits & Guided Interaction",Iterate and Improve,"Iterate and Improve is the study and application of continuously analyze, gather user feedback, and iterate on designs to identify areas where users struggle and adjust to maintain new habits.","Iteration, Continuous Improvement, User Feedback, UX Strategy"
"Behavior Change, Habits & Guided Interaction",Help User Avoiding the Cue,Help User Avoiding the Cue is the study and application of recognizing and mitigating the signals or prompts that lead users to perform unwanted or unnecessary actions to guide them toward a more streamlined experience.,"Cue Avoidance, Behavior Change, UX Design, Mitigation"
"Behavior Change, Habits & Guided Interaction",Identify the Cue,"Identify the Cue is the study and application of recognize cues leading to unwanted behaviors by observing users, conducting usability testing, or gathering user feedback.","Cue Identification, Usability Testing, User Feedback, Observation"
"Behavior Change, Habits & Guided Interaction",Remove the Cue,"Remove the Cue is the study and application of remove or minimize identified cues to prevent users from performing undesired actions by redesigning the interface, layout, or visual hierarchy.","Cue Removal, Interface Redesign, Layout, Visual Hierarchy"
"Behavior Change, Habits & Guided Interaction",Provide Alternatives,"Provide Alternatives is the study and application of offer alternative actions or paths with easily accessible, clear call-to-action elements for users to reach goals without encountering unwanted cues.","Alternatives, Call to Action, Paths, Accessibility"
"Behavior Change, Habits & Guided Interaction",Educate Users,"Educate Users is the study and application of inform users about optimal ways to perform tasks using in-app guides, tutorial videos, or tooltips when cue removal alone is insufficient.","User Education, Guides, Tutorials, Tooltips"
"Behavior Change, Habits & Guided Interaction",Monitor User Behaviour,"Monitor User Behaviour is the study and application of continuously assess user behavior and feedback, make adjustments, and implement A/B testing to ensure unwanted cues no longer cause problems.","Monitoring, A/B Testing, User Behavior, Optimization"
"Behavior Change, Habits & Guided Interaction",Replace the Routine,"Replace the Routine is the study and application of observing and analyzing existing user habits to design more efficient, delightful, and engaging alternatives without forcing completely new behaviors.","Replace the Routine, Habit Modification, UX Design, Efficiency"
"Behavior Change, Habits & Guided Interaction",Understand the User’s Context,"Understand the User’s Context is the study and application of study the user life cycle and create personas to comprehend preferences, pain points, and habits for creating meaningful and effective designs.","User Context, Personas, Life Cycle, Pain Points"
"Behavior Change, Habits & Guided Interaction",Identify the Existing Routine,"Identify the Existing Routine is the study and application of analysis of current habits and routines and the steps users take to complete tasks, providing vital information to design an improved replacement.","Existing Routine, Task Analysis, User Habits, Design Preparation"
"Behavior Change, Habits & Guided Interaction",Design an Improved Routine,"Design an Improved Routine is the practice of create a new, more efficient, simpler, and intuitive user flow that achieves the same goal while leveraging user knowledge and preferences.","Routine Design, User Flow, Efficiency, Intuitive Design"
"Behavior Change, Habits & Guided Interaction",Test the New Routine,"Test the New Routine is the study and application of validate designs through usability testing with real users, gather feedback, and ensure the new routine improves upon the old without creating confusion.","Usability Testing, Validation, Feedback, Optimization"
"Behavior Change, Habits & Guided Interaction",Iterate and Refine,Iterate and Refine is the study and application of continuously refine and optimize the new routine based on user feedback and changing behavioral trends to promote adoption and satisfaction.,"Iteration, Refinement, User Feedback, Product Evolution"
"Behavior Change, Habits & Guided Interaction",Use Consciousness to Interfere,"Use Consciousness to Interfere is the study and application of consciously and deliberately observing and analyzing user behavior to pinpoint issues, identify areas for enhancement, and create informed UX solutions.","Consciousness, UX Interference, Behavior Analysis, Optimization"
"Behavior Change, Habits & Guided Interaction",Observation,"Observation is the study and application of observe users in their natural environment interacting with products to gain valuable insight into their habits, preferences, and challenges.","Observation, Natural Environment, User Habits, UX Research"
"Behavior Change, Habits & Guided Interaction",Analysis,"Analysis is the systematic study and evaluation of analysis of collected observation data to identify patterns, problems, and opportunities for improvement by breaking down tasks and user flows.","Data Analysis, Patterns, User Flows, Problem Identification"
"Behavior Change, Habits & Guided Interaction",Empathy,"Empathy is the study and application of develop deep empathy for user needs, problems, and motivations to prioritize features and design genuinely addressing solutions.","Empathy, User Motivation, Prioritization, UX Design"
"Behavior Change, Habits & Guided Interaction",Experimentation in Habit Change,"Experimentation in Habit Change is the study and application of generate multiple ideas and solutions based on analysis and empathy, testing them through rapid prototyping and user testing.","Experimentation, Rapid Prototyping, User Testing, Iteration"
"Behavior Change, Habits & Guided Interaction",Measure Impact,Measure Impact explains the benefits and value of continuously measure the impact of design changes by monitoring user behavior and key performance indicators to inform future decisions.,"Impact Measurement, KPIs, Behavior Monitoring, Decision Making"
"Behavior Change, Habits & Guided Interaction",Mindfulness to Avoid Acting on the Cue,"Mindfulness to Avoid Acting on the Cue is the study and application of using mindfulness to enhance self-awareness and self-regulation, enabling users to identify cues and make deliberate, conscious decisions to refrain from unwanted behaviors.","Mindfulness, Self-Awareness, Self-Regulation, Cue Avoidance"
"Behavior Change, Habits & Guided Interaction",Be Present,Be Present is the study and application of structuring of the task at hand and avoid multitasking during design or product use to be more aware of cues triggering unwanted behaviors.,"Presence, Focus, Multitasking, Awareness"
"Behavior Change, Habits & Guided Interaction",Observe Without Judgement,"Observe Without Judgement is the study and application of take note of compulsions or urges while interacting with a product without judging them, acknowledging existence to understand responses and make better choices.","Observation, Non-Judgement, Compulsions, Urges"
"Behavior Change, Habits & Guided Interaction",Pause and Reflect,Pause and Reflect is the study and application of take a moment to pause when noticing a cue to evaluate options and consider whether the impending action aligns with personal goals.,"Pause, Reflection, Evaluation, Goal Alignment"
"Behavior Change, Habits & Guided Interaction",Respond with Intention,"Respond with Intention is the study and application of make a conscious decision on the next action after reflection, choosing to proceed, select an alternative, or refrain entirely.","Intention, Conscious Decision, Alternatives, Behavior Control"
"Behavior Change, Habits & Guided Interaction",Design for Minimal Distractions,"Design for Minimal Distractions is the practice of reduce visual clutter, unnecessary alerts, and attention pullers in product design to help users stay in the present moment.","Minimal Distractions, Visual Clutter, Alerts, Focus"
"Behavior Change, Habits & Guided Interaction",Provide Clear Action Cues,Provide Clear Action Cues is the study and application of ways to ensure cues for desired actions are clear and easy to understand so users can make conscious decisions about their behavior.,"Clear Cues, Action Cues, Conscious Decisions, Usability"
"Behavior Change, Habits & Guided Interaction",Support User Reflection,Support User Reflection is the study and application of incorporation of features like goal-setting or progress tracking tools that prompt users to reflect and encourage mindful decision-making.,"User Reflection, Goal Setting, Progress Tracking, Mindful Decision-Making"
"Behavior Change, Habits & Guided Interaction",Crowd Out Old Habit with New Behavior,"Crowd Out Old Habit with New Behavior is the study and application of substituting old user habits with more efficient, healthy, or enjoyable new behaviors to enhance the user experience and create a positive impact.","Habit Substitution, UX Design, Behavior Change, User Experience"
"Behavior Change, Habits & Guided Interaction",Identifying Old Habits,"Identifying Old Habits is the study and application of observing, researching, and analyzing user interaction via interviews, surveys, or usage data to find habits that are obsolete, frustrating, or time-consuming.","Old Habits, User Research, Interviews, Surveys"
"Behavior Change, Habits & Guided Interaction",Designing New Behaviours,"Designing New Behaviours is the practice of focusing on creating more efficient, enjoyable, or beneficial user behaviors through simplicity, visual cues, positive reinforcement, and progressive onboarding.","New Behaviors, Simplicity, Visual Cues, Positive Reinforcement"
"Behavior Change, Habits & Guided Interaction",Make the New Behaviour Simple,Make the New Behaviour Simple is the study and application of ways to ensure the new behavior is easy to understand and perform so users can adopt it naturally without friction.,"Simplicity, Adoption, Friction Reduction, Ease of Use"
"Behavior Change, Habits & Guided Interaction",Use Visual Cues,Use Visual Cues is the study and application of incorporation of subtle visual cues within the design to remind users of the new behavior they need to perform.,"Visual Cues, Reminders, Interface Design, Prompts"
"Behavior Change, Habits & Guided Interaction",Positive Reinforcement for New Behaviors,"Positive Reinforcement for New Behaviors is the study and application of encourage users to adopt new behaviors by providing immediate feedback, rewards, or incentives.","Positive Reinforcement, Rewards, Incentives, Feedback"
"Behavior Change, Habits & Guided Interaction",Progressive Onboarding,"Progressive Onboarding is the study and application of gradually introduce users to new behaviors, giving them sufficient time to adjust and fully understand their benefits.","Progressive Onboarding, Adaptation, Timing, User Guidance"
"Behavior Change, Habits & Guided Interaction",Implementation and Testing,"Implementation and Testing is a practical guide to integrating new behaviors into products and testing their effectiveness using A/B testing, focus groups, or beta users while gathering feedback.","Implementation, Testing, A/B Testing, Focus Groups, Experiment Instrumentation, Evidence-Based UX"
"Behavior Change, Habits & Guided Interaction",Monitor and Analyze,Monitor and Analyze is the study and application of keeping an eye on user behavior and analyzing data to assess whether the new behavior is successfully replacing the old habit.,"Monitoring, Data Analysis, Assessment, Habit Tracking"
"Behavior Change, Habits & Guided Interaction",Iterate if Necessary,"Iterate if Necessary is the study and application of continuously improving the design based on feedback and data, tracking behavior until the new habit is firmly established.","Iteration, Continuous Improvement, Feedback, Habit Establishment"
"Behavior Change, Habits & Guided Interaction",Hick's Law Definition,Hick's Law Definition is a framework for understanding hick's Law predicts that the time and effort required to make a decision increases with the number of options available to the user.,"Hick's Law, Decision Making, UX Principles, Choice Overload"
"Behavior Change, Habits & Guided Interaction",Psychological Origin of Hick's Law,"Psychological Origin of Hick's Law is a framework for understanding named after psychologists William Edmund Hick and Ray Hyman, stating that decision time increases as the number of choices increases.","William Edmund Hick, Ray Hyman, Psychology, Principles"
"Behavior Change, Habits & Guided Interaction",Coffee Shop Example,Coffee Shop Example is the study and application of a menu with dozens of customizable drink options makes it harder to decide quickly compared to a simpler menu with only a few core choices.,"Example, Coffee Shop, Menu Design, Overload"
"Behavior Change, Habits & Guided Interaction",Website Design Application,Website Design Application is the practice of webpages with too many navigation options or features overwhelm users and cause them to take longer to find what they need.,"Website Design, Navigation, Overwhelm, User Experience"
"Behavior Change, Habits & Guided Interaction",Product Design Application,"Product Design Application is the practice of products with excessive buttons, functions, or settings become confusing and slow down user interaction speed.","Product Design, Buttons, Functions, Settings"
"Behavior Change, Habits & Guided Interaction",Public Signage Application,Public Signage Application is the study and application of complex traffic signs carrying excessive information lead to slower reaction times and delayed responses from drivers.,"Public Signage, Traffic Signs, Reaction Time, Information Overload"
"Behavior Change, Habits & Guided Interaction",Designer Objective,"Designer Objective is the practice of an understanding of Hick's Law allows designers to create clear, concise interfaces that encourage faster and more efficient user choices.","Design Strategy, Clarity, Efficiency, Interface Design"
"Laws of UX, Biases & Decision Design",Priming Definition,Priming Definition is the study and application of subtle visual or verbal suggestions help users recall specific information and influence responses by activating associations in short-term memory before another task.,"Priming, UX Design, Short-Term Memory, Behavior Influence"
"Laws of UX, Biases & Decision Design",Exposure to Prime,"Exposure to Prime is the study and application of users encounter a prime such as images, words, or sounds that activate mental associations and make specific concepts more accessible.","Exposure, Primes, Images, Words, Sounds"
"Laws of UX, Biases & Decision Design",Mental Activation,Mental Activation is the study and application of prime subconsciously activates relevant mental associations in the user's mind before a related task or decision occurs.,"Mental Activation, Subconscious, Associations, Thought Process"
"Laws of UX, Biases & Decision Design",Influenced Behavior,Influenced Behavior is the study and application of user behavior is subtly influenced during subsequent tasks or decisions by previously activated associations.,"Influenced Behavior, Decision Making, UX Psychology, Subconscious Guidance"
"Laws of UX, Biases & Decision Design",Ethical Application,"Ethical Application is the study and application of priming is meant to guide thought processes rather than manipulate, requiring ethical and responsible use centered on informed decision-making.","Ethics, Responsibility, Transparency, User-Centric"
"Laws of UX, Biases & Decision Design",Improving UX Through Priming,Improving UX Through Priming is the practice of priming users with positive associations makes the overall product experience more enjoyable and engaging.,"User Experience, Positive Associations, Engagement, Satisfaction"
"Laws of UX, Biases & Decision Design",Increased Efficiency,Increased Efficiency is the study and application of priming helps users complete tasks more quickly and easily by making relevant information readily accessible in their minds.,"Efficiency, Task Completion, Accessibility, Speed"
"Laws of UX, Biases & Decision Design",Enhanced Decision-Making,Enhanced Decision-Making is the study and application of priming subtly nudges users toward decisions aligned with their goals or desired outcomes without forcing choices.,"Decision-Making, Goal Alignment, Nudging, UX Strategy"
"Laws of UX, Biases & Decision Design",Checkout Scenario Example,"Checkout Scenario Example is the study and application of browsing product pages featuring energetic models exercising primes users to associate fitness clothing with health, fitness, and improved performance.","Scenario, Fitness Store, Checkout, Visual Prime"
"Laws of UX, Biases & Decision Design",Trust and Reliability Application,Trust and Reliability Application is the study and application of using testimonials from satisfied customers primes users to feel trust and reliability toward the platform or product.,"Trust, Reliability, Testimonials, Credibility"
"Laws of UX, Biases & Decision Design",Urgency Application,Urgency Application is the study and application of highlighting limited-time offers or scarcity primes users for urgency and encourages quicker decision-making.,"Urgency, Scarcity, Limited-Time, Conversion"
"Laws of UX, Biases & Decision Design",Smooth Experience Application,Smooth Experience Application is the study and application of presenting easy-to-follow instructions on a form primes users for a smooth and efficient interaction experience.,"Form Design, Instructions, Smooth Experience, Efficiency"
"Laws of UX, Biases & Decision Design",Fitts's Law Definition,"Fitts's Law Definition is a framework for understanding a predictive model stating that the time to acquire a target is a function of the distance to and size of the target, used to model physical or virtual pointing.","Fitts's Law, Predictive Model, Target Acquisition, UX Principles"
"Laws of UX, Biases & Decision Design",Psychological Origin of Fitts's Law,"Psychological Origin of Fitts's Law is a framework for understanding named after psychologist Paul Fitts, stating that the ease and speed of interaction on a digital interface are directly related to target size and distance.","Paul Fitts, Psychology, Interface Interaction, Speed"
"Laws of UX, Biases & Decision Design",Target Size,Target Size is the study and application of larger targets are easier to select than smaller ones because they require less precise movements and offer a bigger error tolerance zone for the cursor.,"Target Size, Error Tolerance, Cursor Precision, Usability"
"Laws of UX, Biases & Decision Design",Distance,Distance is the study and application of targets closer to the user's current cursor position are easier and faster to reach compared to those further away.,"Distance, Cursor Position, Speed, Reachability"
"Laws of UX, Biases & Decision Design",Mathematical Expression,"Mathematical Expression is the study and application of expressed as Movement Time (MT) = a + b * log2(D/W + 1), incorporating constants, distance (D), and target width (W).","Movement Time, Mathematical Model, Equation, UX Science"
"Laws of UX, Biases & Decision Design",Efficiency Application,Efficiency Application is the study and application of designers create efficient interfaces where users can quickly and easily interact with desired elements without unnecessary effort or frustration.,"Efficiency, Interface Design, User Interaction, Frustration Reduction"
"Laws of UX, Biases & Decision Design",Accessibility Application,Accessibility Application is the study and application of ensures users with varying levels of dexterity or motor skills can interact with the digital interface comfortably.,"Accessibility, Dexterity, Motor Skills, Comfort, WCAG 2.2, Accessible Authentication, Focus Appearance"
"Laws of UX, Biases & Decision Design",Button Design Example,Button Design Example is the practice of designing large and well-spaced buttons for common actions like submit or add to cart to improve selection speed and accuracy.,"Button Design, Call to Action, Spacing, E-commerce"
"Laws of UX, Biases & Decision Design",Placement Example,Placement Example is the study and application of placing frequently used functions closer to the user's natural hand or cursor position to minimize travel time.,"Placement, Frequently Used Functions, Natural Position, Cursor"
"Laws of UX, Biases & Decision Design",Mobile Touch Targets Example,Mobile Touch Targets Example is the study and application of using larger touch targets on mobile devices to accommodate finger-based interaction and prevent accidental misclicks.,"Mobile UX, Touch Targets, Fingers, Error Prevention, Adaptive Layouts, Dynamic Materials"
"Laws of UX, Biases & Decision Design",Banner Blindness Definition,Banner Blindness Definition is the study and application of users consciously or unconsciously ignore banner-like elements on websites or apps as an adaptation to online advertising and format similarity.,"Banner Blindness, UX Design, User Behavior, Filtering"
"Laws of UX, Biases & Decision Design",Familiarity with Ad Formats,"Familiarity with Ad Formats is the study and application of users recognize typical shapes, sizes, and positions of ads from years of exposure, leading them to filter them out automatically.","Ad Familiarity, Recognition, Formats, Exposure"
"Laws of UX, Biases & Decision Design",Focus on Task,"Focus on Task is the study and application of users are often goal-oriented, focusing on specific information or completing tasks while viewing banner ads as distractions.","Task Focus, Goal-Oriented, Distractions, User Intent"
"Laws of UX, Biases & Decision Design",Interruptive Nature of Ads,"Interruptive Nature of Ads is the study and application of animated or flashing banner ads disrupt the user flow and cause annoyance, increasing the likelihood of being ignored.","Interruptive Ads, Animation, Disruption, User Flow"
"Laws of UX, Biases & Decision Design",Reduced Ad Effectiveness,Reduced Ad Effectiveness is the study and application of advertisers relying on traditional banner formats experience decreased click-through rates and reduced return on investment.,"Ad Effectiveness, Click-Through Rates, ROI, Advertising"
"Laws of UX, Biases & Decision Design",Potential to Harm Content,Potential to Harm Content is the study and application of users overlooking areas typically associated with ads can mistakenly ignore important content if it shares similar visual characteristics.,"Content Blindness, Visual Characteristics, Overlooked Content, UX Risk"
"Laws of UX, Biases & Decision Design",Break the Mold,Break the Mold is the study and application of avoid standard banner ad sizes and placements by experimenting with different formats that feel less like advertisements.,"Format Variation, Placement, Non-Standard, Innovation"
"Laws of UX, Biases & Decision Design",Native Advertising,Native Advertising is the study and application of integration of ads seamlessly into website content while maintaining transparency by clearly labeling them as sponsored content.,"Native Advertising, Seamless Integration, Transparency, Sponsored Content"
"Laws of UX, Biases & Decision Design",Valuable and Relevant Content,Valuable and Relevant Content is the study and application of provide ads with offers or information that align directly with the user's actual interests.,"Relevance, Value, User Interests, Offers"
"Laws of UX, Biases & Decision Design",Strategic Placement,Strategic Placement is the study and application of place ads outside traditionally expected high-blindness zones to ensure they do not disrupt the primary task flow.,"Strategic Placement, Task Flow, High-Blindness Zones, Layout"
"Laws of UX, Biases & Decision Design",Animation and Interactivity,Animation and Interactivity is the study and application of use of subtle animation or interactivity to draw attention without employing jarring or overly disruptive effects.,"Animation, Interactivity, Subtle Cues, Attention"
"Laws of UX, Biases & Decision Design",Designer Priority,"Designer Priority is the practice of uX designers must prioritize user experience over aggressive ad tactics, balancing ad revenue with usability and respect for user attention.","UX Priority, User Experience, Usability, Revenue Balance"
"Laws of UX, Biases & Decision Design",Decoy Effect Definition,"Decoy Effect Definition is the study and application of presence of a third, deliberately inferior and asymmetrically dominated option influences users' perception and sways their preference toward a specific target option.","Decoy Effect, Asymmetric Dominance, UX Psychology, Choice Architecture"
"Laws of UX, Biases & Decision Design",Target Option,"Target Option is the study and application of primary option that designers want users to choose, often representing the most profitable or ideal selection.","Target Option, Desired Choice, Profitability, Goal"
"Laws of UX, Biases & Decision Design",Competitor Option,Competitor Option is the study and application of an option that seems comparable to the target but comes with slight disadvantages.,"Competitor Option, Comparison, Alternatives, Evaluation"
"Laws of UX, Biases & Decision Design",Decoy Option,Decoy Option is the study and application of an inferior option designed to be less appealing than both the target and competitor options to highlight the target's advantages.,"Decoy Option, Asymmetric Dominance, Inferior Option, Framing"
"Laws of UX, Biases & Decision Design",Comparison and Evaluation,"Comparison and Evaluation is the systematic study and evaluation of users subconsciously compare the three options, focusing on relative differences to evaluate choices.","Comparison, Evaluation, Subconscious Processing, Decision Making"
"Laws of UX, Biases & Decision Design",Shifting Perception,"Shifting Perception is the study and application of decoy's presence exaggerates the positive aspects of the target option by comparison, making the target appear more advantageous.","Perception Shift, Valuation, Contrast, Target Advantage"
"Laws of UX, Biases & Decision Design",Influenced Decision,Influenced Decision is the study and application of users become more likely to choose the target option due to the perceived value gained through comparison with the decoy.,"Influenced Decision, Choice Architecture, Value Perception, Conversion"
"Laws of UX, Biases & Decision Design",Increased Conversion Rates,"Increased Conversion Rates is the study and application of subtly influencing user preference leads to a higher number of users selecting the desired option, such as premium subscriptions or specific products.","Conversion Rates, E-commerce, Subscriptions, Optimization"
"Laws of UX, Biases & Decision Design",Improving UX Through the Decoy Effect,"Improving UX Through the Decoy Effect is the practice of when used ethically and transparently, the decoy effect helps users make informed decisions by offering clear comparative options.","UX Quality, Informed Decisions, Transparency, User Value"
"Laws of UX, Biases & Decision Design",Ethical Guidelines,"Ethical Guidelines is the practice of decoy option must not be misleading or deceptive, prioritizing user trust, transparency, and experience over pure profit maximization.","Ethics, Transparency, Trust, Responsible Design"
"Laws of UX, Biases & Decision Design",Miller's Law Definition,"Miller's Law Definition is a framework for understanding a psychological principle stating that the average person can hold about seven, plus or minus two, items in their short-term memory.","Miller's Law, Psychology, Working Memory, Cognitive Limit"
"Laws of UX, Biases & Decision Design",Chunking Concept,"Chunking Concept is the study and application of items can be grouped or chunked together to increase effective short-term memory capacity, such as remembering letters by forming meaningful words.","Chunking, Memory Capacity, Grouping, Retention"
"Laws of UX, Biases & Decision Design",Interface Design Application,"Interface Design Application is the practice of keep interface elements in menus, lists, or navigation options to a manageable number, ideally around five to nine items, to avoid cognitive overload.","Interface Design, Menus, Navigation, Cognitive Overload"
"Laws of UX, Biases & Decision Design",Content Organization,"Content Organization is the study and application of break up complex information into smaller, digestible chunks to enhance comprehension and user retention.","Content Organization, Comprehension, Retention, Information Architecture"
"Laws of UX, Biases & Decision Design",Onboarding Flows Application,"Onboarding Flows Application is the study and application of guide new users with short, step-by-step sequences rather than overwhelming them with too much information at once.","Onboarding, Step-by-Step, User Flow, Simplicity"
"Laws of UX, Biases & Decision Design",Phone Number Example,"Phone Number Example is the study and application of phone numbers are broken into groups, such as three digits, three digits, and four digits, to facilitate easier recall.","Example, Phone Numbers, Recall, Chunking"
"Laws of UX, Biases & Decision Design",Website Navigation Example,Website Navigation Example is the study and application of top-level navigation menus typically do not exceed seven to nine main items to prevent overwhelming users.,"Website Navigation, Menus, Usability, Design Standards"
"Laws of UX, Biases & Decision Design",Guidelines and Variability,"Guidelines and Variability is the practice of miller's Law is a guideline rather than a hard rule, with memory capacity varying based on information complexity, familiarity, and individual differences.","Guidelines, Variability, Complexity, Individual Differences"
"Laws of UX, Biases & Decision Design",Easy Way Out,Easy Way Out is the study and application of humans naturally gravitate toward the path of least resistance to conserve mental and physical energy during decision-making.,"Easy Way Out, Least Resistance, Psychology, User Behavior"
"Laws of UX, Biases & Decision Design",Habitual Creatures,Habitual Creatures is the study and application of people rely heavily on established routines and automatic behaviors rather than actively thinking through every single action.,"Habitual Creatures, Routines, Automatic Behavior, Psychology"
"Laws of UX, Biases & Decision Design",Decision Time and Choices,"Decision Time and Choices is the study and application of according to Hick's Law, the time required to make a decision increases proportionally with the number of options available.","Decision Time, Choices, Hick's Law, Cognitive Load"
"Laws of UX, Biases & Decision Design",Cognitive Capacity Limits,"Cognitive Capacity Limits is the study and application of drawing on Miller's Law, working memory is limited and cannot process too much information at once without experiencing overload.","Cognitive Capacity, Miller's Law, Working Memory, Overload"
"Laws of UX, Biases & Decision Design",Attraction to Contrast,"Attraction to Contrast is the study and application of users are naturally drawn to visual and conceptual contrast, which helps guide their attention and highlight important choices.","Contrast, Visual Hierarchy, Attention, Design Principles, OKLCH, CSS Color 5, Wide-Gamut Color"
"Laws of UX, Biases & Decision Design",Craving the Familiar,"Craving the Familiar is the study and application of people crave what is familiar, finding comfort and reduced cognitive friction in recognizable patterns, designs, and experiences.","Familiarity, Comfort, Recognition, User Preferences"
"Laws of UX, Biases & Decision Design",Attention Span Threshold,"Attention Span Threshold is the study and application of users quickly lose interest if they cannot understand a interface, message, or offering within five seconds.","Attention Span, Five-Second Rule, Interest, Comprehension"
"Laws of UX, Biases & Decision Design",Understanding the Product,"Understanding the Product is the study and application of grasping fundamental features, business objectives, and intended audiences before UX design to ensure alignment with vision and goals.","Product Understanding, UX Strategy, Business Objectives, Target Audience"
"Research, Business Models & Competitive Strategy",Business Goals,"Business Goals is the study and application of an understanding of company or client objectives like increasing user base, boosting sales, or providing seamless experiences to shape design decisions.","Business Goals, Company Vision, UX Alignment, Objectives"
"Research, Business Models & Competitive Strategy",Target Audience,"Target Audience is the study and application of identifying user personas, demographics, pain points, and preferences to design tailored experiences that drive engagement and satisfaction.","Target Audience, User Personas, Demographics, Preferences"
"Research, Business Models & Competitive Strategy",User Journey,User Journey is the study and application of mapping out the user journey from initial contact to final goals to identify difficulties and create a blueprint for smooth user flows.,"User Journey, User Flow, Blueprint, Pain Points"
"Research, Business Models & Competitive Strategy",Competitor Analysis,"Competitor Analysis is the systematic study and evaluation of evaluating competitor product strengths and weaknesses to find differentiation opportunities, improvements, and design inspiration.","Competitor Analysis, Differentiation, Benchmarking, Inspiration"
"Research, Business Models & Competitive Strategy",Interview Stakeholders,"Interview Stakeholders is the study and application of engaging with stakeholders like product managers and business owners to uncover project goals, requirements, and expectations.","Stakeholders, Interviews, Requirements, Expectations, AI-Assisted Synthesis, Research Integrity, Human Review"
"Research, Business Models & Competitive Strategy",User Research,"User Research is the systematic study and evaluation of conducting user interviews, surveys, or focus groups to gather actionable information on user needs and pain points.","User Research, Interviews, Surveys, Focus Groups, AI-Assisted Synthesis, Research Integrity, Human Review"
"Research, Business Models & Competitive Strategy",Involve Users in Design,Involve Users in Design is the practice of involving users through participatory design and usability testing to gather feedback on prototypes and design iterations.,"Participatory Design, Usability Testing, Prototyping, User Feedback"
"Research, Business Models & Competitive Strategy",Stay Updated on Industry Trends,Stay Updated on Industry Trends is the study and application of keeping informed on current trends in UX design and technology to ensure designs remain relevant and modern.,"Industry Trends, Technology, Relevance, Modern Design"
"Research, Business Models & Competitive Strategy",User Experience Design (UXD) Research,"User Experience Design (UXD) Research is the systematic study and evaluation of research plays a vital role in understanding user needs, behaviors, and pain points to guide the design process toward user-centered solutions.","UXD, User Research, Design Process, AI-Assisted Synthesis, Research Integrity, Human Review"
"Research, Business Models & Competitive Strategy",Qualitative Research Techniques,"Qualitative Research Techniques is the systematic study and evaluation of in-depth conversations with individual users to gain deeper insights into their thoughts, feelings, and experiences.","User Interviews, Qualitative Research, User Insights, AI-Assisted Synthesis, Research Integrity, Human Review"
"Research, Business Models & Competitive Strategy",Focus Groups,Focus Groups is the study and application of moderated discussions with a small group of users to explore various topics and gather diverse perspectives.,"Focus Groups, Qualitative Research, Discussions, AI-Assisted Synthesis, Research Integrity, Human Review"
"Research, Business Models & Competitive Strategy",Ethnography,"Ethnography is the study and application of observing users in their natural environment to understand their context, behaviors, and interactions with products or services.","Ethnography, Observation, Contextual Research, AI-Assisted Synthesis, Research Integrity, Human Review"
"Research, Business Models & Competitive Strategy",Heuristic Evaluations,Heuristic Evaluations is the systematic study and evaluation of experts evaluate an interface based on usability principles to identify potential issues.,"Heuristic Evaluation, Usability, Expert Review, AI-Assisted Synthesis, Research Integrity, Human Review"
"Research, Business Models & Competitive Strategy",Quantitative Research Techniques,"Quantitative Research Techniques is the systematic study and evaluation of questionnaires distributed to a larger sample of users to gather data on their preferences, opinions, and demographics.","Surveys, Quantitative Research, Questionnaires, AI-Assisted Synthesis, Research Integrity, Human Review"
"Research, Business Models & Competitive Strategy",A/B Testing,A/B Testing is the systematic study and evaluation of comparing two versions of a design element to see which one performs better with users based on specific metrics.,"A/B Testing, Design Comparison, Metrics, Experiment Instrumentation, Evidence-Based UX"
"Research, Business Models & Competitive Strategy",Analytics,"Analytics is the study and application of analysis of user behavior data collected from websites, apps, and other digital products to understand user flows and identify areas for improvement.","Analytics, User Behavior, Data Analysis"
"Research, Business Models & Competitive Strategy",Usability Testing,Usability Testing is the systematic study and evaluation of observing users as they interact with a product or service to identify usability issues and assess their overall experience.,"Usability Testing, User Interaction, Product Testing, Experiment Instrumentation, Evidence-Based UX"
"Research, Business Models & Competitive Strategy",Eye-tracking,Eye-tracking is the study and application of tracking where users look on a screen to understand their visual attention and information processing patterns.,"Eye-tracking, Visual Attention, Screen Tracking"
"Research, Business Models & Competitive Strategy",Competitive Analysis,"Competitive Analysis is the systematic study and evaluation of analysis of existing products or services similar to yours to identify best practices, potential threats, and opportunities for differentiation.","Competitive Analysis, Market Research, Best Practices"
"Research, Business Models & Competitive Strategy",Choosing the Right Research Technique,"Choosing the Right Research Technique is the systematic study and evaluation of technique selection depends on factors such as project goals, target audience, budget, resources, and project timeline.","Research Planning, Technique Selection, Project Management, AI-Assisted Synthesis, Research Integrity, Human Review"
"Research, Business Models & Competitive Strategy",Business Model Canvas Overview,"Business Model Canvas Overview is an introduction to a strategic management and visual representation tool developed by Alexander Osterwalder and Yves Pigneur that allows organizations to describe, design, challenge, and pivot their business model.","Business Model Canvas, Strategic Management, Visual Tool"
"Research, Business Models & Competitive Strategy",Customer Segments (CS),"Customer Segments (CS) is the study and application of target groups your business aims to serve, including specific users, organizations, or market segments.","Customer Segments, Target Audience, Market Segments"
"Research, Business Models & Competitive Strategy",Value Propositions (VP),Value Propositions (VP) explains the benefits and value of unique combinations of products and services that create value for your customer segments and explain why customers choose your offering over competitors.,"Value Propositions, Product Value, Competitive Advantage"
"Research, Business Models & Competitive Strategy",Channels (CH),"Channels (CH) is the study and application of means by which your company communicates, delivers, and distributes its value propositions to customers through physical or virtual touchpoints.","Channels, Distribution, Customer Communication"
"Research, Business Models & Competitive Strategy",Customer Relationships (CR),"Customer Relationships (CR) is the study and application of type of relationships your business establishes and maintains with its customer segments, such as personal assistance, self-service, or automated services.","Customer Relationships, Service Types, Client Engagement"
"Research, Business Models & Competitive Strategy",Revenue Streams (RS),"Revenue Streams (RS) is the study and application of ways in which your company generates revenue from each customer segment through sales, subscriptions, or advertising fees.","Revenue Streams, Monetization, Income Sources"
"Research, Business Models & Competitive Strategy",Key Resources (KR),"Key Resources (KR) is the study and application of most important physical, financial, intellectual, and human assets needed to make your business model work.","Key Resources, Business Assets, Corporate Resources"
"Research, Business Models & Competitive Strategy",Key Activities (KA),"Key Activities (KA) is the study and application of primary actions your company must perform to deliver its value propositions, reach customer segments, and maintain relationships through production or service provision.","Key Activities, Operations, Service Provision"
"Research, Business Models & Competitive Strategy",Key Partnerships (KP),"Key Partnerships (KP) is the study and application of network of suppliers, partners, and allies that help your business execute key activities, optimize resources, and reduce risks.","Key Partnerships, Strategic Alliances, Suppliers"
"Research, Business Models & Competitive Strategy",Cost Structure (CS),"Cost Structure (CS) is the study and application of major expenses associated with operating a business model, covering fixed and variable costs, economies of scale, and cost advantages.","Cost Structure, Business Expenses, Operating Costs"
"Research, Business Models & Competitive Strategy",Strategic Value of the Canvas,"Strategic Value of the Canvas explains the benefits and value of a tool for designing or evaluating a business model that provides a comprehensive overview, helps pinpoint weaknesses, and enables informed decision-making.","Strategic Planning, Business Evaluation, Decision Making"
"Research, Business Models & Competitive Strategy",Lean Canvas Overview,"Lean Canvas Overview is an introduction to a simplified, one-page method for visualizing the crucial elements of a business model, refined by Ash Maurya for startups and entrepreneurs to facilitate swift concept development.","Lean Canvas, Startups, Business Planning"
"Research, Business Models & Competitive Strategy",Problem (Lean Canvas),"Problem (Lean Canvas) is the study and application of identifying the main, specific problems your product aims to solve, focusing on the most pressing issues faced by target customers.","Problem Identification, Customer Pain Points, Startups"
"Research, Business Models & Competitive Strategy",Customer Segments (Lean Canvas),Customer Segments (Lean Canvas) is the study and application of defining your target audience as specifically as possible to describe the types of customers who would benefit most from your product or service.,"Customer Segments, Target Audience, Market Demographics"
"Research, Business Models & Competitive Strategy",Unique Value Proposition (UVP) (Lean Canvas),Unique Value Proposition (UVP) (Lean Canvas) explains the benefits and value of articulating the distinctive and competitive value your product offers to differentiate it from other solutions in the market.,"Unique Value Proposition, Competitive Advantage, UVP"
"Research, Business Models & Competitive Strategy",Solution (Lean Canvas),"Solution (Lean Canvas) is the study and application of listing the key features, functionalities, or aspects of your product that address the identified problems and align with your UVP.","Product Features, Solution Design, Core Functionality"
"Research, Business Models & Competitive Strategy",Channels (Lean Canvas),"Channels (Lean Canvas) is the study and application of outlining the methods through which you plan to reach your target customers, such as social media, SEO, email campaigns, or paid advertising.","Channels, Distribution, Marketing Methods"
"Research, Business Models & Competitive Strategy",Revenue Streams (Lean Canvas),"Revenue Streams (Lean Canvas) is the study and application of identifying ways to generate income from your product or service, including sales, subscriptions, sponsorships, or affiliate partnerships.","Revenue Streams, Monetization, Income Generation"
"Research, Business Models & Competitive Strategy",Cost Structure (Lean Canvas),"Cost Structure (Lean Canvas) is the study and application of listing main costs and expenses associated with building, launching, and maintaining your product, including development, marketing, operations, and support.","Cost Structure, Business Expenses, Operational Costs"
"Research, Business Models & Competitive Strategy",Key Metrics (Lean Canvas),"Key Metrics (Lean Canvas) is the study and application of determining indicators used to track performance and gauge success, such as sales, user engagement, or customer satisfaction.","Key Metrics, Performance Tracking, Success Indicators"
"Research, Business Models & Competitive Strategy",Unfair Advantage (Lean Canvas),"Unfair Advantage (Lean Canvas) is the study and application of identifying competitive advantages your product or business possesses, such as unique expertise, proprietary technology, or strategic partnerships.","Unfair Advantage, Competitive Edge, Proprietary Assets, AI-Assisted Design, Prompt-to-Prototype, Human Review"
"Research, Business Models & Competitive Strategy",Strategic Value of Lean Canvas,"Strategic Value of Lean Canvas explains the benefits and value of a tool providing a succinct snapshot of a business model to refine concepts, focus on critical aspects, and communicate vision effectively.","Strategic Planning, Business Model, Startup Strategy"
"Research, Business Models & Competitive Strategy",Business Model Inspirator Overview,"Business Model Inspirator Overview is an introduction to a tool or approach that assists in generating innovative and creative ideas for the strategic, operational, and financial facets of a business to help design or enhance business models.","Business Model Inspirator, Innovation, Strategic Planning"
"Research, Business Models & Competitive Strategy",Analyse Successful Models,Analyse Successful Models is a framework for understanding examining successful companies across different industries to identify key elements contributing to their success and draw inspiration for your own business model.,"Model Analysis, Industry Success, Strategic Insights"
"Research, Business Models & Competitive Strategy",Cross-Pollination,"Cross-Pollination is the study and application of combining elements from diverse industries and business models to forge an innovative approach, distinctive value proposition, and competitive edge.","Cross-Pollination, Creative Synthesis, Value Proposition"
"Research, Business Models & Competitive Strategy",Experimentation in Business Models,"Experimentation in Business Models is a framework for understanding testing different ideas to find the most feasible and scalable business model through iterative prototyping, validation, and user feedback.","Experimentation, Prototyping, Model Validation"
"Research, Business Models & Competitive Strategy",Futuristic Thinking,"Futuristic Thinking is the study and application of staying aware of emerging trends, technologies, and structural changes to use foresight and adapt your business model to future opportunities and challenges.","Futuristic Thinking, Emerging Trends, Foresight"
"Research, Business Models & Competitive Strategy",Adaptability,"Adaptability is the study and application of being ready to pivot or evolve your business model based on changing market dynamics, user preferences, and external forces to ensure long-term sustainability.","Adaptability, Business Pivot, Market Dynamics"
"Research, Business Models & Competitive Strategy",Strategic Value of Business Model Inspirators,"Strategic Value of Business Model Inspirators explains the benefits and value of incorporating inspirators into the design process to enhance innovation and robustness of UX design, leading to improved customer experiences and sustained success.","UX Design, Business Success, Innovation Strategy"
"Research, Business Models & Competitive Strategy",Competitor Analysis Overview,"Competitor Analysis Overview is an introduction to a pivotal aspect of UX design when working with new business models that entails assessing industry competitors, comprehending their tactics, strengths, and shortcomings, and juxtaposing them with your own offerings.","Competitor Analysis, UX Design, Market Landscape"
"Research, Business Models & Competitive Strategy",Identify Competitors,"Identify Competitors is the study and application of listing all companies offering similar products or services within your target market, including both direct competitors and indirect competitors.","Competitor Identification, Market Research, Direct Competitors"
"Research, Business Models & Competitive Strategy",Analyze Products and Services,"Analyze Products and Services is the study and application of investigating competitors’ products and services by studying their features, benefits, and user experiences to look for gaps or advantages.","Product Analysis, Feature Review, Gap Analysis"
"Research, Business Models & Competitive Strategy",Study Digital Platforms,"Study Digital Platforms is the study and application of evaluating competitors’ websites, mobile apps, or software to assess their usability, visual design, content, and overall user experience.","Digital Platforms, Usability Evaluation, UI UX"
"Research, Business Models & Competitive Strategy",Evaluate Marketing Strategies,"Evaluate Marketing Strategies is a practical guide to the analysis of competitors' communication channels and promotional activities such as email campaigns, social media presence, and content marketing.","Marketing Strategies, Promotional Activities, Communication Channels"
"Research, Business Models & Competitive Strategy",Examine Customer Reviews and Feedback,"Examine Customer Reviews and Feedback is the study and application of collecting and analyzing customer reviews from review platforms, social media, and forums to understand common pain points and areas for improvement.","Customer Feedback, Reviews Analysis, User Pain Points"
"Research, Business Models & Competitive Strategy",Identify Opportunities and Niches,Identify Opportunities and Niches is the study and application of pinpointing weaknesses in competitors' strategies or markets where potential opportunities exist for your business to succeed.,"Market Opportunities, Niches, Strategic Planning"
"Research, Business Models & Competitive Strategy",Benchmark Own Offerings,Benchmark Own Offerings is the study and application of comparing your products and services with those of your competitors to identify unique selling points and assess user needs fulfillment.,"Benchmarking, Unique Selling Points, Product Comparison"
"Research, Business Models & Competitive Strategy",Ongoing Process of Competitor Analysis,Ongoing Process of Competitor Analysis is the systematic study and evaluation of an ongoing process that helps you stay up-to-date with industry trends and changes to make informed decisions about UX design and business strategy.,"Continuous Improvement, Industry Trends, Business Strategy"
"Research, Business Models & Competitive Strategy",Five Forces Model Overview,"Five Forces Model Overview is an introduction to a strategic framework developed by Michael Porter to dissect the competitive landscape, understand forces affecting industry profitability, and inform user-centered UX design decisions.","Five Forces Model, Strategic Framework, Michael Porter"
"Research, Business Models & Competitive Strategy",Competitive Rivalry (Five Forces),"Competitive Rivalry (Five Forces) is the study and application of addresses the intensity of competition among existing competitors, shaped by competitor count, diversity, growth demand, and exit barriers to guide UX feature differentiation.","Competitive Rivalry, Industry Competition, UX Differentiation"
"Research, Business Models & Competitive Strategy",Threat of New Entrants (Five Forces),"Threat of New Entrants (Five Forces) is the study and application of possibility of new competitors entering the market based on capital requirements, economies of scale, switching costs, and distribution access, requiring unique value propositions.","Threat of New Entrants, Barriers to Entry, Value Proposition"
"Research, Business Models & Competitive Strategy",Threat of Substitutes (Five Forces),Threat of Substitutes (Five Forces) is the study and application of an examination of how easily users can switch to alternative products offering similar benefits based on price-performance ratios and perceived differentiation.,"Threat of Substitutes, Product Alternatives, Switching Costs"
"Research, Business Models & Competitive Strategy",Bargaining Power of Suppliers (Five Forces),"Bargaining Power of Suppliers (Five Forces) is the study and application of evaluates supplier influence over input prices and quality, impacting product development and strategic supply partnerships.","Supplier Power, Supply Chain, Strategic Partnerships, AI-Assisted Design, Prompt-to-Prototype, Human Review"
"Research, Business Models & Competitive Strategy",Bargaining Power of Buyers (Five Forces),"Bargaining Power of Buyers (Five Forces) is the study and application of an examination of customer control over product price, features, and quality, requiring alignment with user expectations and preferences to reduce alternative-seeking.","Buyer Power, Customer Influence, User Expectations, AI-Assisted Design, Prompt-to-Prototype, Human Review"
"Research, Business Models & Competitive Strategy",Strategic Value of Five Forces in UX,Strategic Value of Five Forces in UX explains the benefits and value of a dynamic and iterative process of researching industry forces to ensure the development of a resilient UX strategy meeting user requirements and market expectations.,"UX Strategy, Market Research, Strategic Decision Making"
"Research, Business Models & Competitive Strategy",SWOT Analysis Overview,"SWOT Analysis Overview is an introduction to a strategic tool for assessing the internal and external positioning of a company or product by examining strengths, weaknesses, opportunities, and threats to inform UX design strategy.","SWOT Analysis, Strategic Position, Business Planning"
"Research, Business Models & Competitive Strategy",Strengths (SWOT),"Strengths (SWOT) is the study and application of internal factors that give an advantage over the competition, such as strong brand presence, skilled workforce, or access to unique resources.","Strengths, Internal Factors, Competitive Advantage"
"Research, Business Models & Competitive Strategy",Weaknesses (SWOT),"Weaknesses (SWOT) is the study and application of internal factors that may hinder business growth or success, including limited resources, outdated technology, or poor management.","Weaknesses, Internal Factors, Areas for Improvement"
"Research, Business Models & Competitive Strategy",Opportunities (SWOT),"Opportunities (SWOT) is the study and application of external factors that can be seized to grow or improve the business, such as expanding markets, technological advancements, or partnerships.","Opportunities, External Factors, Business Growth"
"Research, Business Models & Competitive Strategy",Threats (SWOT),"Threats (SWOT) is the study and application of external factors that may negatively impact the business, such as aggressive competitors, government regulations, or economic instability.","Threats, External Factors, Risk Management"
"Research, Business Models & Competitive Strategy",Steps to Perform a SWOT Analysis,"Steps to Perform a SWOT Analysis is a practical guide to gathering relevant information, listing notable factors, evaluating and prioritizing items within the matrix, developing strategies, and monitoring progress continuously.","SWOT Steps, Strategic Planning, Evaluation"
"Research, Business Models & Competitive Strategy",Strategic Value of SWOT in UX,"Strategic Value of SWOT in UX explains the benefits and value of providing valuable insights into current situations, risk preparation, and informed decision-making to design user experiences that align with audience needs and drive growth.","UX Strategy, User-Centric Design, Decision Making"
"Research, Business Models & Competitive Strategy",Minimalist Productivity Framework,"Minimalist Productivity Framework is a framework for understanding a streamlined approach to task management and workflow organization designed to maximize efficiency by reducing cognitive load, eliminating non-essential tasks, and prioritizing high-impact core objectives.","Minimalist Productivity, Framework, Workflow Optimization"
"Research, Business Models & Competitive Strategy",Core Principles of Minimalist Productivity,"Core Principles of Minimalist Productivity is a framework for understanding focusing on essential tasks, reducing digital and mental clutter, establishing clear constraints, and maintaining a disciplined routine to achieve better output with fewer resources.","Core Principles, Efficiency, Task Prioritization"
"Research, Business Models & Competitive Strategy",Implementation Strategies for Productivity,"Implementation Strategies for Productivity is a practical guide to adopting systematic time-blocking, ruthless prioritization techniques like the Eisenhower Matrix or 80/20 rule, and streamlining tool stacks to maintain deep focus and execution speed.","Implementation, Time Blocking, Prioritization"
"Research, Business Models & Competitive Strategy",Strategic Value of Minimalist Frameworks,"Strategic Value of Minimalist Frameworks explains the benefits and value of enhancing personal and team performance in UX design and business operations by preventing burnout, improving clarity, and driving faster, higher-quality deliverables.","Productivity Strategy, Burnout Prevention, Performance"
"Personas, Target Actions & User Stories",User Persona Overview,"User Persona Overview is an introduction to a specific user or group of users for whom a product or service is designed, possessing particular needs, goals, and expectations essential for optimal UX design.","User Persona, Target Audience, UX Design"
"Personas, Target Actions & User Stories",Demographics in User Personas,"Demographics in User Personas is the study and application of age, gender, education, occupation, and location factors that determine user preferences and behavior to help designers create relatable user experiences.","Demographics, User Preferences, Target Actor, C2PA Content Credentials, Media Provenance"
"Personas, Target Actions & User Stories",Psychographics in User Personas,"Psychographics in User Personas is the study and application of psychological aspects such as attitudes, motivations, and personality traits that help align the product with users' mental models and expectations.","Psychographics, Motivations, Mental Models, C2PA Content Credentials, Media Provenance"
"Personas, Target Actions & User Stories",Goals and Pain Points,"Goals and Pain Points is the study and application of identifying the specific problems target actors face and their objectives to create solutions, address needs, and prioritize product features.","Goals, Pain Points, Feature Prioritization, AI-Assisted Design, Prompt-to-Prototype, Human Review"
"Personas, Target Actions & User Stories",Technology Proficiency,"Technology Proficiency is the study and application of users' familiarity with devices and applications that impacts expectations and behavior, requiring designers to ensure a smooth, frustration-free experience.","Tech Proficiency, User Expectations, Usability"
"Personas, Target Actions & User Stories",User Research for Personas,"User Research for Personas is the systematic study and evaluation of employing research methods like interviews, surveys, and usability tests to gather insights and create precise user personas for informed design choices.","User Research, Interviews, Surveys, AI-Assisted Synthesis, Research Integrity, Human Review"
"Personas, Target Actions & User Stories",Strategic Value of User Personas,"Strategic Value of User Personas explains the benefits and value of consistently prioritizing the needs of target actors throughout the design process to craft a more satisfying, successful, and user-centered product experience.","User-Centered Design, Product Experience, Strategy"
"Personas, Target Actions & User Stories",Target Action Overview,Target Action Overview is an introduction to a fundamental UX design concept focusing on the primary goal or specific task users aim to achieve to solve their problems or fulfill their needs.,"Target Action, User Goals, UX Design"
"Personas, Target Actions & User Stories",Identify Target Users,"Identify Target Users is the study and application of knowing your audience by considering demographics, interests, and behaviors to align product design with user needs and expectations.","Target Users, Demographics, Audience Research"
"Personas, Target Actions & User Stories",Determine User Goals,"Determine User Goals is the study and application of an understanding of what users want to achieve by analyzing needs, preferences, pain points, and habits to identify primary goals.","User Goals, Pain Points, Preferences"
"Personas, Target Actions & User Stories",Establish Clear Actions,"Establish Clear Actions is the study and application of determining the most critical actions users need to perform and simplifying them by making them clear, obvious, and easy to access.","Clear Actions, Interface Design, Task Flow"
"Personas, Target Actions & User Stories",Design for Success,"Design for Success is the practice of prioritizing target actions by providing a clear path, emphasizing essential elements, simplifying decision-making, and minimizing distractions.","Design for Success, Visual Hierarchy, Usability"
"Personas, Target Actions & User Stories",Validate with Testing,"Validate with Testing is the systematic study and evaluation of verifying if designs support target actions through usability testing, gathering feedback, analyzing results, and iterating until goals are effortlessly met.","Usability Testing, Design Iteration, User Feedback, Experiment Instrumentation, Evidence-Based UX"
"Personas, Target Actions & User Stories",Strategic Value of Target Action,"Strategic Value of Target Action explains the benefits and value of integrating target action into the UX process to create intuitive, user-centric products that lead to higher user satisfaction and seamless experiences.","User-Centric Design, User Satisfaction, Intuitive UX"
"Personas, Target Actions & User Stories",Creating User Personas Overview,"Creating User Personas Overview is an introduction to fictional representations of target users created to understand their needs, behaviors, and goals to maintain empathy and focus throughout the UX design process.","User Personas, UX Design, Target Audience"
"Personas, Target Actions & User Stories",Gather User Data,"Gather User Data is the study and application of conducting user research through interviews, surveys, and observations to collect data, identify insights, and recognize patterns in user behavior.","User Research, Data Collection, User Interviews, Interactive Visualization, WebGPU"
"Personas, Target Actions & User Stories",Identify Key Characteristics,"Identify Key Characteristics is the study and application of analysis of collected data to identify common characteristics such as demographics, goals, motivations, and pain points to form persona foundations.","Key Characteristics, Motivations, Pain Points"
"Personas, Target Actions & User Stories",Create Persona Profiles,"Create Persona Profiles is the study and application of developing 3 to 5 distinct user profiles complete with a name, picture, age, occupation, background, and typical daily description to humanize users.","Persona Profiles, Demographics, User Profiling"
"Personas, Target Actions & User Stories",Define User Goals and Scenarios,"Define User Goals and Scenarios is the study and application of listing primary, secondary, and tertiary goals along with realistic interaction scenarios to understand how users approach products and what they expect.","User Goals, Interaction Scenarios, Product Expectations"
"Personas, Target Actions & User Stories",Share and Refine Personas,"Share and Refine Personas is the study and application of sharing personas with the team to gather feedback and make necessary changes, ensuring accurate representation of target users over time.","Team Collaboration, Persona Refinement, Feedback"
"Personas, Target Actions & User Stories",Dynamic Nature of User Personas,Dynamic Nature of User Personas is the study and application of continuously updating personas as new data is collected to keep designs aligned with evolving target audience preferences and behaviors.,"Dynamic Personas, User-Centered Design, Continuous Improvement"
"Personas, Target Actions & User Stories",User Stories Overview,"User Stories Overview is an introduction to a brief, informal description of a specific user's need or interaction written from the user's perspective following the format: As a [type of user], I want to [perform an action] so that [reason].","User Stories, UX Design, Product Backlog"
"Personas, Target Actions & User Stories",Importance of User Stories,"Importance of User Stories is the study and application of serving crucial functions in UX design by fostering empathy, improving communication, aiding feature prioritization, and providing a benchmark for validation.","Empathy, Communication, Prioritization"
"Personas, Target Actions & User Stories",Steps to Create User Stories,"Steps to Create User Stories is a practical guide to identifying user personas, clarifying specific needs, writing concise stories using the standard format, and reviewing and refining with the team.","Story Creation, Personas, Refinement"
Conceptual Design & Core UX Principles,Strategic Value of User Stories,"Strategic Value of User Stories explains the benefits and value of creation of a user-centered, empathetic design process that guides product development to ensure the final product is tailored to end-user desires.","User-Centered Design, Product Development, UX Strategy"
Conceptual Design & Core UX Principles,Conceptual Design Overview,"Conceptual Design Overview is an introduction to an early step in product or service design involving a big vision, defining what the product will do, and understanding problems and users to build a solid foundation.","Conceptual Design, Product Vision, UX Design"
Conceptual Design & Core UX Principles,Problem Definition in Conceptual Design,"Problem Definition in Conceptual Design is the practice of identifying and describing the core problem using user research insights, business objectives, and clear design goals.","Problem Definition, Design Goals, User Research"
Conceptual Design & Core UX Principles,User Personas and Scenarios in Conceptual Design,"User Personas and Scenarios in Conceptual Design is the practice of developing representative personas with demographic and behavioral information to understand needs, alongside scenarios illustrating interactions in various contexts.","User Personas, Scenarios, User Needs"
Conceptual Design & Core UX Principles,Information Architecture in Conceptual Design,Information Architecture in Conceptual Design is the practice of defining the high-level structure of a product to organize content and features for clear and consistent navigation.,"Information Architecture, Navigation, Content Structure"
Conceptual Design & Core UX Principles,Sketches and Wireframes in Conceptual Design,"Sketches and Wireframes in Conceptual Design is the practice of creation of rough visual representations of user interfaces to explore design alternatives, identify issues, and guide future decisions.","Sketches, Wireframes, Prototyping"
Conceptual Design & Core UX Principles,Design Principles and Guidelines in Conceptual Design,"Design Principles and Guidelines in Conceptual Design is a framework for understanding establishing high-level criteria for aesthetics, functionality, accessibility, and usability to serve as a development foundation.","Design Principles, Guidelines, Usability"
Conceptual Design & Core UX Principles,Iteration in Conceptual Design,Iteration in Conceptual Design is the practice of continually refining the initial concept using user testing feedback and stakeholder input to ensure flexibility and adaptability.,"Iteration, User Testing, Feedback"
Conceptual Design & Core UX Principles,Core UX Design Principles Overview,"Core UX Design Principles Overview is an introduction to fundamental design principles explaining what they are, why they matter, and how they shape successful user experiences.","UX Principles, User-Centric Design, Usability"
Conceptual Design & Core UX Principles,User-Centric Design,"User-Centric Design is the practice of most crucial principle placing the user's needs, goals, and pain points at the heart of every design decision based on audience understanding.","User-Centric Design, Audience Understanding, UX Core"
Conceptual Design & Core UX Principles,Accessibility in UX,Accessibility in UX is the practice of designing products that can be used by people with a wide range of abilities and disabilities to promote inclusivity and broaden the audience.,"Accessibility, Inclusivity, Universal Design, WCAG 2.2, Accessible Authentication, Focus Appearance"
Conceptual Design & Core UX Principles,Usability in UX,"Usability in UX is the practice of creation of products that are easy to learn, efficient to use, and minimize errors by prioritizing intuitive navigation and clear functionality.","Usability, Intuitive Navigation, Efficiency"
Conceptual Design & Core UX Principles,Consistency in UX,Consistency in UX is the practice of maintaining a consistent visual language and design patterns throughout an experience to enhance predictability and build interface familiarity.,"Consistency, Design Patterns, Visual Language"
Conceptual Design & Core UX Principles,Feedback in UX,Feedback in UX is the practice of providing clear and timely responses to user actions to assure users that input has been recognized and the system is functioning correctly.,"Feedback, System Response, User Action"
Conceptual Design & Core UX Principles,Hierarchy in UX,"Hierarchy in UX is the practice of using visual elements like size, color, and placement to signify relative information importance and guide users through the interface.","Visual Hierarchy, Information Design, Layout"
Conceptual Design & Core UX Principles,Aesthetics in UX,Aesthetics in UX is the practice of visually appealing design that enhances the user experience and fosters a positive overall impression of the product.,"Aesthetics, Visual Appeal, User Experience"
Conceptual Design & Core UX Principles,Learnability in UX,"Learnability in UX is the practice of ensuring first-time users can easily figure out how to navigate and use core functions, which is crucial for product adoption.","Learnability, First-Time User, Adoption"
Conceptual Design & Core UX Principles,Credibility in UX,Credibility in UX is the practice of designing to instill trust and make users feel confident with the product or service.,"Credibility, Trust, Product Confidence"
Conceptual Design & Core UX Principles,Desirability in UX,Desirability in UX is the practice of creation of a design that generates a positive emotional reaction and makes people want to use your product.,"Desirability, Emotional Design, User Engagement"
Conceptual Design & Core UX Principles,Strategic Value of UX Principles,"Strategic Value of UX Principles explains the benefits and value of enhancing user experience, increasing adoption and retention, improving brand perception, and providing a competitive advantage in the market.","UX Benefits, Brand Perception, Competitive Advantage"
"Typography, Portfolios & Case Studies",UXD Design Principles Overview,"UXD Design Principles Overview is an introduction to essential principles and best practices that guide effective UX design, including user-centered design, usability, accessibility, information architecture, visual design, and interaction design.","UXD, Design Principles, Best Practices"
"Typography, Portfolios & Case Studies",User-Centered Design Principles,"User-Centered Design Principles is a framework for understanding prioritizing target user needs, goals, and pain points throughout the design process through research, usability, and accessibility.","User-Centered Design, User Research, Accessibility"
"Typography, Portfolios & Case Studies",Usability Principles in UXD,"Usability Principles in UXD is a framework for understanding ensuring clear and intuitive designs, consistent visual elements, terminology, interaction patterns, and timely feedback on user actions.","Usability, Consistency, System Feedback"
"Typography, Portfolios & Case Studies",Accessibility Principles (WCAG),"Accessibility Principles (WCAG) is a framework for understanding adhering to Web Content Accessibility Guidelines, providing alternative access methods, and accommodating visual, motor, and cognitive differences.","Accessibility, WCAG Compliance, Inclusivity, WCAG 2.2, Accessible Authentication, Focus Appearance"
"Typography, Portfolios & Case Studies",Information Architecture (IA) in UXD,"Information Architecture (IA) in UXD is the practice of logically organizing information, using clear labeling, and implementing effective search functionality to help users navigate efficiently.","Information Architecture, Logical Organization, Search Functionality"
"Typography, Portfolios & Case Studies",Visual Design Principles,"Visual Design Principles is a framework for understanding the balance between aesthetics with user-friendliness, maintaining brand consistency, and utilizing visual hierarchy and cues to guide users.","Visual Design, Visual Hierarchy, Brand Consistency"
"Typography, Portfolios & Case Studies",Interaction Design Principles,"Interaction Design Principles is a framework for understanding designing efficient interactions, implementing error prevention and recovery mechanisms, and supporting diverse input methods like touchscreens and voice commands.","Interaction Design, Error Recovery, Input Methods"
"Typography, Portfolios & Case Studies",Additional UXD Considerations,"Additional UXD Considerations is the practice of continuously testing and iterating designs, making data-driven decisions using research and analytics, and fostering stakeholder collaboration.","Usability Testing, Data-Driven Design, Collaboration"
"Typography, Portfolios & Case Studies",Typography Guide Overview,"Typography Guide Overview is an introduction to typography plays a crucial role in user interface design by selecting fonts, type sizes, colors, weights, and capitalization to enhance user experience.","Typography, UI Design, Font Selection"
"Typography, Portfolios & Case Studies",Font Selection in Typography,"Font Selection in Typography is the study and application of choosing screen-readable sans-serif fonts like Roboto, Helvetica, or Open Sans while ensuring brand consistency and appropriate context.","Font Selection, Readability, Sans-Serif"
"Typography, Portfolios & Case Studies",Type Sizes and Hierarchy,"Type Sizes and Hierarchy is the study and application of using different type sizes to establish visual hierarchy, ensure accessibility for visual impairments, and maintain compatibility across diverse devices.","Type Sizes, Visual Hierarchy, Accessibility"
"Typography, Portfolios & Case Studies",Color and Contrast in Typography,Color and Contrast in Typography is the study and application of ensuring sufficient contrast between text and background colors for readability while aligning with brand palettes and considering color blindness.,"Color, Contrast, Accessibility, OKLCH, CSS Color 5, Wide-Gamut Color"
"Typography, Portfolios & Case Studies",Font Weight and Emphasis,"Font Weight and Emphasis is the study and application of using different font weights like bold for headings and regular for body text, along with italics for emphasis to create clear visual structure.","Font Weight, Emphasis, Hierarchy"
"Typography, Portfolios & Case Studies",Lowercase and Uppercase Usage,"Lowercase and Uppercase Usage is the study and application of leveraging lowercase for better readability, uppercase for headings and acronyms, and maintaining consistent capitalization throughout the design.","Lowercase, Uppercase, Capitalization"
"Typography, Portfolios & Case Studies",Max-Characters and Line Length,"Max-Characters and Line Length is the study and application of keeping lines of text to a manageable length considering font size, spacing, and device compatibility to avoid eye strain.","Line Length, Max-Characters, Readability"
"Typography, Portfolios & Case Studies",Figma Plugins for Typography,"Figma Plugins for Typography is the study and application of use of Figma plugins like Font Fascia, Typescales, Fontpair, and Automatic Style Guides to support typography workflows.","Figma Plugins, Font Fascia, Typescales"
"Typography, Portfolios & Case Studies",Portfolio Creation Overview,"Portfolio Creation Overview is an introduction to a step-by-step guide for professionals in design, art, writing, and technology to showcase skills, projects, and achievements to potential clients or employers.","Portfolio Creation, Career Development, Professional Showcase, AI Disclosure, Design Provenance, Impact Evidence"
"Typography, Portfolios & Case Studies",Define Purpose and Audience,"Define Purpose and Audience is the study and application of clarifying goals like landing a job or attracting freelance clients, and considering industry standards and target audience expectations.","Purpose, Target Audience, Career Goals"
"Typography, Portfolios & Case Studies",Select Your Best Work,"Select Your Best Work is the study and application of choosing relevant, high-quality pieces that represent your skills and variety, adhering to the principle of quality over quantity.","Work Selection, Quality over Quantity, Relevance"
"Typography, Portfolios & Case Studies",Organize Portfolio Content,"Organize Portfolio Content is the study and application of structuring the portfolio logically with a brief introduction, project work samples, key skills, and clear contact information.","Content Organization, Portfolio Structure, Contact Info, AI Disclosure, Design Provenance, Impact Evidence"
"Typography, Portfolios & Case Studies",Choose a Platform,"Choose a Platform is the study and application of deciding between physical formats, PDFs, or digital platforms like Behance, Dribbble, website builders, or GitHub.","Platform Selection, Digital Portfolio, Website Builders"
"Typography, Portfolios & Case Studies",Design Your Portfolio,"Design Your Portfolio is the practice of ensuring a clean, professional layout with consistent typography, color schemes, high-quality visuals, and intuitive navigation.","Portfolio Design, Layout, Visuals, AI Disclosure, Design Provenance, Impact Evidence"
"Typography, Portfolios & Case Studies",Write Compelling Descriptions,"Write Compelling Descriptions is the study and application of providing a narrative for each project covering context, specific roles, design process, challenges overcome, and final outcomes or impact.","Project Descriptions, Narrative, Case Study"
"Typography, Portfolios & Case Studies",Get Feedback and Revise,"Get Feedback and Revise is the study and application of consulting peers or mentors to review usability, content clarity, and visual appeal before final publication.","Peer Feedback, Usability, Revision"
"Typography, Portfolios & Case Studies",Publish and Promote,"Publish and Promote is the study and application of making the portfolio live, checking links, promoting it on professional networks, and regularly updating it with new achievements.","Publishing, Promotion, Maintenance"
"Typography, Portfolios & Case Studies",Website Builder Execution Steps,"Website Builder Execution Steps is a practical guide to using tools like Wix, choosing templates, customizing content, adding project pages, ensuring design consistency, previewing, and optimizing for SEO.","Website Builder, Customization, SEO Optimization"
"Typography, Portfolios & Case Studies",UI/UX Case Study Overview,"UI/UX Case Study Overview is an introduction to an in-depth analysis and documentation of a specific design project detailing the approach, methods, and outcomes achieved.","Case Study, UI UX, Project Documentation, AI Disclosure, Design Provenance, Impact Evidence"
"Typography, Portfolios & Case Studies",EcoGoods Client Background,EcoGoods Client Background is the study and application of an environmentally conscious e-commerce platform specializing in sustainable and eco-friendly products aiming to promote a greener lifestyle.,"EcoGoods, Client Background, E-Commerce"
"Typography, Portfolios & Case Studies",Problem Statement in Case Study,"Problem Statement in Case Study is the study and application of existing platform lacks intuitive navigation, causing high bounce rates, low conversion rates, difficult product discovery, and cumbersome checkout.","Problem Statement, Bounce Rate, UX Issues, AI Disclosure, Design Provenance, Impact Evidence"
"Typography, Portfolios & Case Studies",Case Study Goals,"Case Study Goals is the study and application of improving user engagement, enhancing product discovery, streamlining the checkout process, and maintaining the brand's eco-friendly identity.","Goals, Engagement, Conversion Rate, AI Disclosure, Design Provenance, Impact Evidence"
"Typography, Portfolios & Case Studies",Research Phase in Case Study,"Research Phase in Case Study is the systematic study and evaluation of conducting user interviews and surveys, performing competitive analysis, and executing heuristic evaluations to identify usability issues.","Research Phase, User Interviews, Heuristic Evaluation, AI-Assisted Synthesis, Research Integrity, Human Review"
"Typography, Portfolios & Case Studies",Design Phase in Case Study,"Design Phase in Case Study is the practice of creation of new information architecture, developing low-fidelity wireframes, building interactive prototypes, and designing clean visual interfaces.","Design Phase, Wireframing, Information Architecture, AI Disclosure, Design Provenance, Impact Evidence"
"Typography, Portfolios & Case Studies",Testing and Implementation,"Testing and Implementation is a practical guide to conducting usability testing and A/B testing, collaborating on front-end development, and performing quality assurance.","Testing Phase, A/B Testing, Quality Assurance, Experiment Instrumentation, Evidence-Based UX"
"Typography, Portfolios & Case Studies",Launch and Results,"Launch and Results is the study and application of executing soft and full launches, monitoring metrics, and achieving increased session duration, higher satisfaction, and improved conversion rates.","Launch, Results, Monitoring"
"Typography, Portfolios & Case Studies","Make it Easy to Understand, Easy to Complete","Make it Easy to Understand, Easy to Complete is the study and application of a core user experience philosophy focused on making products and interfaces simple to navigate, understand, and interact with to improve overall satisfaction.","UX Philosophy, Usability, User Experience"
"Typography, Portfolios & Case Studies",Clarity in Interface Design,"Clarity in Interface Design is the practice of keeping designs and layouts clean with clear fonts and simple interfaces, avoiding clutter to help users focus on tasks.","Clarity, Clean Design, Visual Focus"
"Typography, Portfolios & Case Studies",Consistency in UX Patterns,"Consistency in UX Patterns is the practice of maintaining standard patterns for elements, buttons, and symbols to help users understand interface flow and predict next actions.","Consistency, Design Patterns, Interface Flow"
"Typography, Portfolios & Case Studies",Intuitive Navigation Structure,Intuitive Navigation Structure is the practice of keeping navigation clear with logical labels and minimal layers so users can easily find what they are looking for.,"Intuitive Navigation, Structure, Labels"
"Typography, Portfolios & Case Studies",Efficient Interaction,Efficient Interaction is the practice of minimizing steps and unnecessary inputs required for users to complete tasks and achieve their goals quickly.,"Efficient Interaction, Task Completion, Optimization"
"Typography, Portfolios & Case Studies",Error Prevention in UX,"Error Prevention in UX is the practice of helping users minimize errors by disabling unauthorized actions, providing clear instructions, and designing user-friendly input fields.","Error Prevention, Usability, Input Fields"
"Progress, Feedback, Flowcharts & Decision Support",Flexibility in Task Completion,Flexibility in Task Completion is the study and application of providing multiple ways for users to complete tasks to accommodate individual preferences and needs.,"Flexibility, User Preferences, Task Adaptation"
"Progress, Feedback, Flowcharts & Decision Support",Continuous Feedback,"Continuous Feedback is the study and application of providing continuous feedback on action outcomes via visual cues, sounds, and haptic feedback to build user confidence.","Feedback, User Confidence, Haptic Feedback"
"Progress, Feedback, Flowcharts & Decision Support",Make Progress Visible Overview,Make Progress Visible Overview is an introduction to an essential UX design practice that helps users understand their position in a process while providing a sense of control and achievement.,"Progress Visibility, UX Design, User Control"
"Progress, Feedback, Flowcharts & Decision Support",Importance of Visible Progress,"Importance of Visible Progress is the study and application of impacts user experience by reducing anxiety, building engagement, and avoiding drop-offs by showing users the end of a process.","User Experience, Anxiety Reduction, Drop-Off Prevention"
"Progress, Feedback, Flowcharts & Decision Support",Tips for Making Progress Visible,"Tips for Making Progress Visible is a practical guide to incorporating progress bars, breaking tasks into manageable steps, giving clear feedback, estimating time or effort, and enabling users to review progress.","Progress Bars, Task Chunking, Time Estimation"
"Progress, Feedback, Flowcharts & Decision Support",Make Progress Meaningful Overview,"Make Progress Meaningful Overview is an introduction to a UX design strategy focused on making users feel like they are achieving things to increase enjoyment and engagement through goals, feedback, and rewards.","Meaningful Progress, UX Strategy, User Engagement"
"Progress, Feedback, Flowcharts & Decision Support",Set Clear Goals and Milestones,Set Clear Goals and Milestones is the study and application of helping users understand what they need to achieve by setting SMART goals and clear milestones to maintain motivation and visibility.,"SMART Goals, Milestones, User Motivation"
"Progress, Feedback, Flowcharts & Decision Support",Provide Feedback in Progress,Provide Feedback in Progress is the study and application of keeping users updated on their progress and actions with continuous feedback to help them stay on track and engaged.,"Progress Feedback, User Action, Engagement"
"Progress, Feedback, Flowcharts & Decision Support",Celebrate Achievements,"Celebrate Achievements is the study and application of recognizing user accomplishments like completed tasks or new levels using messages, badges, trophies, and visual elements to make users feel valued.","Celebrating Achievements, Badges, Recognition"
"Progress, Feedback, Flowcharts & Decision Support",Personalize Rewards,"Personalize Rewards is the study and application of offering tailored rewards based on user preferences and past behavior, adjusting difficulty levels based on user experience.","Personalized Rewards, User Experience, Tailored Incentives"
"Progress, Feedback, Flowcharts & Decision Support",Encourage Social Sharing,Encourage Social Sharing is the study and application of allowing users to share achievements and progress on social media with friends and family to boost satisfaction and product retention.,"Social Sharing, Community, Product Retention"
"Progress, Feedback, Flowcharts & Decision Support",Gamification in UX,"Gamification in UX is the practice of adding game-like elements such as points, levels, and leaderboards to make progress and rewards more fun and encourage deeper product interaction.","Gamification, Points, Leaderboards"
"Progress, Feedback, Flowcharts & Decision Support",Make Successful Completion Clearly Visible,Make Successful Completion Clearly Visible is the study and application of a UX design practice ensuring users know when they have finished tasks or goals to provide a sense of accomplishment and build product trust.,"Successful Completion, UX Design, User Trust"
"Progress, Feedback, Flowcharts & Decision Support",Visual Feedback for Success,"Visual Feedback for Success is the study and application of providing clear visual cues like color changes, checkmarks, and symbols to indicate successful task completion and reinforce desired outcomes.","Visual Feedback, Checkmarks, Task Completion"
"Progress, Feedback, Flowcharts & Decision Support",Success Messages and Confirmation,Success Messages and Confirmation is the study and application of displaying context-appropriate messages or confirmation screens with details like confirmation numbers and next steps after task submission.,"Success Messages, Confirmation Screens, Next Steps"
"Progress, Feedback, Flowcharts & Decision Support",Progress Indicators for Completion,"Progress Indicators for Completion is the study and application of using progress bars or indicators to help users track progress, understand remaining work, and stay motivated toward goals.","Progress Indicators, Tracking, Motivation"
"Progress, Feedback, Flowcharts & Decision Support",Transitions for State Changes,Transitions for State Changes is the study and application of use of smooth animations and transitions when moving between states or screens to help users recognize successful task completion.,"Transitions, Animations, State Changes"
"Progress, Feedback, Flowcharts & Decision Support",Accessible Design for Success Indicators,"Accessible Design for Success Indicators is the practice of ensuring success indicators and feedback are accessible to all users, including those with visual impairments, using text labels and alt text.","Accessible Design, Visual Impairments, Alt Text, WCAG 2.2, Accessible Authentication, Focus Appearance"
"Progress, Feedback, Flowcharts & Decision Support",Strategic Value of Visible Completion,"Strategic Value of Visible Completion explains the benefits and value of creation of an efficient, satisfying user experience that leads to more enjoyable digital interactions and improved user engagement.","User Satisfaction, Engagement, Digital Experience"
"Progress, Feedback, Flowcharts & Decision Support",Simple Flowchart Overview,"Simple Flowchart Overview is an introduction to a simple diagram showing how a user moves through a website or app, helping the entire team understand the design.","Flowchart, UX Design, User Journey, Interactive Visualization, WebGPU"
"Progress, Feedback, Flowcharts & Decision Support",Key Elements of a Flowchart,"Key Elements of a Flowchart is the study and application of use of standard shapes like rectangles, diamonds, and ovals, connected by lines and arrows with descriptive labels to define the sequence of steps.","Shapes, Lines and Arrows, Labels, Interactive Visualization, WebGPU"
"Progress, Feedback, Flowcharts & Decision Support",Benefits of Using Flowcharts,"Benefits of Using Flowcharts explains the benefits and value of fostering shared understanding, providing effective communication, identifying potential bottlenecks or friction, and serving as documentation.","Shared Understanding, Bottlenecks, Documentation, Interactive Visualization, WebGPU"
"Progress, Feedback, Flowcharts & Decision Support",Creating a Flowchart,"Creating a Flowchart is the study and application of listing the steps and decisions in the user journey, drawing the flowchart using shapes and arrows, and labeling each shape to explain its meaning.","Process Steps, User Journey, Diagramming, Interactive Visualization, WebGPU"
"Progress, Feedback, Flowcharts & Decision Support",Decision-Making Support Overview,"Decision-Making Support Overview is an introduction to a UX pattern providing users with necessary information, options, and feedback to make informed choices by presenting clear information and minimizing cognitive load.","Decision Making, UX Pattern, Informed Choices"
"Progress, Feedback, Flowcharts & Decision Support",Clear Presentation of Information,"Clear Presentation of Information is the study and application of breaking down complex data into digestible chunks, utilizing visuals, and providing clear headings and labels for easy comprehension.","Information Presentation, Visuals, Data Chunking"
"Progress, Feedback, Flowcharts & Decision Support",Minimize Cognitive Load,"Minimize Cognitive Load is the study and application of reducing mental effort by limiting options, grouping similar items, and using progressive disclosure to prevent user fatigue.","Cognitive Load, Progressive Disclosure, Option Limiting"
"Progress, Feedback, Flowcharts & Decision Support",Feedback and Guidance,"Feedback and Guidance is the practice of using micro-interactions, hover effects, tooltips, and recommendations to clarify interactive elements and guide user choices.","Feedback, Micro-Interactions, Guidance"
"Progress, Feedback, Flowcharts & Decision Support",Defaults and Pre-Selected Options,"Defaults and Pre-Selected Options is the study and application of setting sensible defaults to help users make quick decisions, prevent decision paralysis, and allow flexibility for customization.","Defaults, Pre-Selected Options, Customization"
"Progress, Feedback, Flowcharts & Decision Support",Comparison Tools in UX,Comparison Tools in UX is the practice of offering easy-to-use side-by-side comparison tables and visual aids to help users weigh different options based on multiple factors.,"Comparison Tools, Tables, Visual Aids"
"Progress, Feedback, Flowcharts & Decision Support",Implementation Tips for Decision Support,"Implementation Tips for Decision Support is a practical guide to empathizing through user personas, conducting usability tests, catering to varied decision styles, and avoiding overwhelming users.","Usability Testing, User Personas, Implementation"
"Progress, Feedback, Flowcharts & Decision Support",Behavior Change Games Overview,"Behavior Change Games Overview is an introduction to a powerful UX design pattern utilizing game mechanics, engagement, and motivation to help users adopt new habits or make positive lifestyle changes.","Behavior Change Games, UX Pattern, Habit Formation"
"Progress, Feedback, Flowcharts & Decision Support",Key Elements of Behavior Change Games,"Key Elements of Behavior Change Games is the study and application of establishing clear objectives, providing real-time feedback and progress tracking, utilizing social interaction, implementing reward systems, and incorporating gamification mechanics like quests.","Game Elements, Objectives, Reward Systems"
"Progress, Feedback, Flowcharts & Decision Support",Benefits of Behavior Change Games,"Benefits of Behavior Change Games explains the benefits and value of driving increased motivation, higher user retention, measurable progress tracking, personalized experiences, and built-in support networks through social features.","Motivation, User Retention, Measurable Results"
"Progress, Feedback, Flowcharts & Decision Support",Balancing Fun and Education,Balancing Fun and Education is the study and application of designing enjoyable and motivating experiences by balancing educational elements with gamification to successfully guide users toward positive lifestyle changes.,"Fun and Education, User Experience, Positive Change"
"Progress, Feedback, Flowcharts & Decision Support",Planners in UX Design Overview,"Planners in UX Design Overview is an introduction to tools used in UX design to help users achieve goals efficiently by breaking down complex tasks into manageable steps, providing guidance, and reducing overwhelm.","Planners, UX Design, Complex Tasks"
"Progress, Feedback, Flowcharts & Decision Support",Characteristics of Planners,"Characteristics of Planners is the study and application of defining features including clear guidance, progress indicators, error prevention and handling, flexibility to complete tasks at individual paces, and design consistency.","Characteristics, Guidance, Error Prevention"
"Progress, Feedback, Flowcharts & Decision Support",Types of Planners,"Types of Planners is the study and application of various structures used depending on project needs, including decision trees, wizards, task checklists, and interactive conversations.","Decision Trees, Wizards, Task Checklists"
"Progress, Feedback, Flowcharts & Decision Support",Implementing Planners,"Implementing Planners is the study and application of best practices like identifying core tasks, using concise language, implementing progress indicators, focusing on error prevention, and ensuring interface consistency.","Implementation, Best Practices, Logical Flow"
"Progress, Feedback, Flowcharts & Decision Support",Reminders in UX Design Overview,Reminders in UX Design Overview is an introduction to an effective UX pattern to retain user attention and engagement by notifying users about important tasks or deadlines to prevent forgetfulness.,"Reminders, User Engagement, UX Design"
"Progress, Feedback, Flowcharts & Decision Support",Tips for Using Reminders Effectively,"Tips for Using Reminders Effectively is a practical guide to ensuring relevance and timeliness, personalizing messages, giving users control over settings, and providing clear links or action buttons.","Reminder Tips, Personalization, User Control"
UX Best Practices & Supportive Patterns,Importance of Reminders,"Importance of Reminders is the study and application of driving user retention, providing timely notifications for crucial tasks, and creating a positive user experience that builds confidence.","Importance, Retention, Timely Notifications"
UX Best Practices & Supportive Patterns,Types of Reminders,"Types of Reminders is the study and application of categorized into time-based reminders at specific intervals, location-based reminders triggered by geography, and action-based prompts from user behavior.","Time-Based, Location-Based, Action-Based"
UX Best Practices & Supportive Patterns,Best Practices for Reminders,"Best Practices for Reminders is the study and application of being timely and relevant, keeping language simple, avoiding notification overload, allowing customization, and choosing appropriate delivery channels like push or email.","Best Practices, Customization, Notification Channels"
UX Best Practices & Supportive Patterns,Social Sharing Overview,"Social Sharing Overview is an introduction to a crucial UX pattern allowing users to share website or app content to social media platforms to create interaction, engage audiences, and generate traffic.","Social Sharing, UX Pattern, Brand Visibility"
UX Best Practices & Supportive Patterns,Benefits of Social Sharing,"Benefits of Social Sharing explains the benefits and value of increasing brand visibility, driving traffic, boosting viral potential, encouraging engagement, and improving organic search rankings.","Benefits, Traffic Generation, Search Rankings"
UX Best Practices & Supportive Patterns,Designing Effective Social Sharing Buttons,"Designing Effective Social Sharing Buttons is the practice of strategically positioning buttons, using clear and recognizable icons, customizing styles, selecting relevant platforms, displaying share counts, and ensuring mobile optimization.","Button Design, Positioning, Share Counts"
UX Best Practices & Supportive Patterns,Goal Trackers Overview,"Goal Trackers Overview is an introduction to essential UX patterns that enable users to monitor progress towards tasks or objectives, helping them stay motivated, organized, and informed.","Goal Trackers, UX Pattern, Progress Monitoring"
UX Best Practices & Supportive Patterns,Why Use Goal Trackers,"Why Use Goal Trackers is the study and application of providing motivation through visible progress, managing expectations with clear guidance, enhancing satisfaction via achievements, and enabling personalization.","Motivation, Expectation Management, Achievement"
UX Best Practices & Supportive Patterns,Essential Components of Goal Trackers,"Essential Components of Goal Trackers is the study and application of incorporating visual progress bars, step indicators for subgoals, animations and feedback, and concise summaries or overviews.","Progress Bar, Step Indicators, Summaries, Design Tokens 2025.10, Cross-Platform Theming, Multi-Brand Systems"
UX Best Practices & Supportive Patterns,Designing Effective Goal Trackers,"Designing Effective Goal Trackers is the practice of best practices focusing on simplicity, relevance to user objectives, adaptability for goal modifications, and seamless accessibility within workflows.","Simplicity, Adaptability, Accessibility"
UX Best Practices & Supportive Patterns,Tutorials in UX Design Overview,"Tutorials in UX Design Overview is an introduction to an important aspect of UX design that helps users learn how to use new products or services, leading to better onboarding and engagement.","Tutorials, UX Design, Onboarding"
UX Best Practices & Supportive Patterns,Importance of Tutorials,"Importance of Tutorials is the study and application of providing essential guidance for new users, boosting user confidence, and minimizing confusion and frustration to reduce support needs.","Guidance, User Confidence, Confusion Reduction"
UX Best Practices & Supportive Patterns,Best Practices for Tutorials,"Best Practices for Tutorials is the study and application of keeping content simple and clear, using visuals like screenshots, making tutorials interactive, staying concise, and testing and iterating based on user feedback.","Best Practices, Interactive Learning, Conciseness"
UX Best Practices & Supportive Patterns,UX Best Practices Overview,"UX Best Practices Overview is an introduction to essential principles for creating user-friendly and effective products by focusing on user needs, usability, accessibility, and continuous iteration.","UX Best Practices, User Experience, Usability"
UX Best Practices & Supportive Patterns,Understand Your Users,Understand Your Users is the study and application of conducting user research and creating user personas to tailor designs to the needs and preferences of the target audience.,"User Research, User Personas, Audience Needs"
UX Best Practices & Supportive Patterns,Focus on Usability,"Focus on Usability is the study and application of aiming for simplicity, consistency, and clarity while testing products with real users to identify and resolve usability issues.","Usability, Simplicity, Consistency"
UX Best Practices & Supportive Patterns,Design for Accessibility,Design for Accessibility is the practice of ensuring products can be used by people with disabilities by providing alternative input methods and support for assistive technologies.,"Accessibility, Assistive Technologies, Inclusivity, WCAG 2.2, Accessible Authentication, Focus Appearance"
UX Best Practices & Supportive Patterns,Utilize Responsive Design,"Utilize Responsive Design is the practice of ensuring consistent and enjoyable experiences across various device types, screen sizes, and capabilities.","Responsive Design, Multi-Device, Screen Sizes, Adaptive Layouts, Dynamic Materials"
UX Best Practices & Supportive Patterns,Opt for Clear and Concise Content,"Opt for Clear and Concise Content is the study and application of using simple language, clear headings, and bullet points to help users quickly find and digest needed information.","Clear Content, Simple Language, Readability"
UX Best Practices & Supportive Patterns,Enable User Control and Feedback,"Enable User Control and Feedback is the study and application of allowing users to easily undo actions, navigate, and receive visual feedback like confirmation messages to build confidence.","User Control, Feedback, User Confidence"
UX Best Practices & Supportive Patterns,Optimize Page Load Times,"Optimize Page Load Times is the study and application of improving performance by compressing images, minimizing scripts, and employing caching to prevent users from leaving slow pages.","Performance, Page Load, Optimization"
UX Best Practices & Supportive Patterns,Be Consistent in Design and Layout,"Be Consistent in Design and Layout is the practice of building familiarity and trust by maintaining consistent typography, colors, and layouts through design systems and style guides.","Design Consistency, Style Guides, Layouts, Adaptive Layouts, Dynamic Materials"
UX Best Practices & Supportive Patterns,Test and Iterate,Test and Iterate is the study and application of conducting usability tests with real users to identify pain points and continually improving designs based on feedback.,"Usability Testing, Iteration, Feedback"
UX Best Practices & Supportive Patterns,Prime User-Relevant Associations Overview,"Prime User-Relevant Associations Overview is an introduction to a vital UX design concept aiming to create positive associations with the user experience by tapping into cognitive aspects of perception, decision-making, and satisfaction.","User Associations, UX Design, Cognitive Perception"
UX Best Practices & Supportive Patterns,Understanding User Relevance,"Understanding User Relevance is the study and application of identifying user motivations, preferences, and context of use through user research to shape product design and resonate with specific needs.","User Research, Motivations, User Relevance"
UX Best Practices & Supportive Patterns,Creating Meaningful Experiences,"Creating Meaningful Experiences is the study and application of fostering positive emotions and resonating associations through consistent branding, emotional design, and addressing real-life usage contexts.","Meaningful Experiences, Consistent Branding, Emotional Design"
UX Best Practices & Supportive Patterns,Reinforcing Positive Associations,"Reinforcing Positive Associations is the study and application of sustaining positive impressions throughout the user journey via timely feedback, reward systems, and personalization based on user behavior.","Timely Feedback, Reward Systems, Personalization"
UX Best Practices & Supportive Patterns,Benefits of Priming Associations,"Benefits of Priming Associations explains the benefits and value of fostering user satisfaction, building trust and credibility, establishing long-lasting relationships, increasing engagement, and encouraging brand loyalty.","User Satisfaction, Brand Loyalty, Product Adoption"
UX Best Practices & Supportive Patterns,Leverage Loss Aversion Overview,"Leverage Loss Aversion Overview is an introduction to a psychological phenomenon where individuals feel the pain of losing something more strongly than gaining equivalent value, used in UX to encourage engagement and conversions.","Loss Aversion, UX Design, Psychology"
UX Best Practices & Supportive Patterns,Highlight Potential Losses,"Highlight Potential Losses is the study and application of emphasizing the negative consequences of inaction, such as missing out on valuable insights or opportunities by not subscribing.","Potential Losses, Inaction, Engagement"
UX Best Practices & Supportive Patterns,Time-Sensitive Offers and FOMO,"Time-Sensitive Offers and FOMO is the study and application of creation of urgency through limited-time offers, discounts, or exclusive content to tap into the fear of missing out and prompt user action.","Time-Sensitive Offers, FOMO, Urgency"
UX Best Practices & Supportive Patterns,Free Trials and Progress Tracking,"Free Trials and Progress Tracking is the study and application of offering limited free trials, showing progress made, and reminding users what they will lose if they do not upgrade or purchase.","Free Trials, Progress Tracking, Upgrades"
UX Best Practices & Supportive Patterns,Saved User Data Retention,"Saved User Data Retention is the study and application of retaining user preferences, settings, or cart data temporarily and reminding users of potential loss if they fail to act after investing time.","Saved Data, User Effort, Cart Retention, Interactive Visualization, WebGPU"
UX Best Practices & Supportive Patterns,Social Proof and Testimonials,Social Proof and Testimonials is the study and application of showcasing customer success stories to create a sense of loss for prospects feeling like they are falling behind or missing advantages.,"Social Proof, Testimonials, Customer Success"
UX Best Practices & Supportive Patterns,Risk Reversal and Guarantees,Risk Reversal and Guarantees is the study and application of reducing perceived risk through money-back guarantees and free returns to remove potential for loss and encourage product trials.,"Risk Reversal, Guarantees, Free Returns"
UX Best Practices & Supportive Patterns,Use Peer Comparisons Overview,Use Peer Comparisons Overview is an introduction to a powerful UX pattern using feedback or showcasing how similar users interact with a product to influence behavior and drive favorable evaluations.,"Peer Comparisons, UX Pattern, User Behavior"
UX Best Practices & Supportive Patterns,Why Use Peer Comparisons,"Why Use Peer Comparisons is the study and application of providing social proof of product value, fostering healthy competition, ensuring personal relevance through relatable situations, and offering guidance on best practices.","Social Proof, Healthy Competition, Personal Relevance"
UX Best Practices & Supportive Patterns,How to Implement Peer Comparisons,"How to Implement Peer Comparisons is a practical guide to choosing relevant peers with shared attributes, highlighting key metrics, providing clear context, maintaining user anonymity, and enabling opt-out options.","Implementation, Peer Selection, Anonymity"
UX Best Practices & Supportive Patterns,Caveats of Peer Comparisons,"Caveats of Peer Comparisons is the study and application of recognizing potential unintended consequences like demotivation, social pressure, or decreased self-esteem, and maintaining a supportive environment.","Caveats, Demotivation, User Privacy"
UX Best Practices & Supportive Patterns,Avoid Cognitive Overhead Overview,Avoid Cognitive Overhead Overview is an introduction to minimizing the mental effort needed to understand or operate a system to create user-friendly experiences and positive evaluations.,"Cognitive Overhead, UX Design, Mental Effort"
UX Best Practices & Supportive Patterns,Keep It Simple Strategy,Keep It Simple Strategy is the study and application of use of white space and reducing the number of options to prevent user overwhelm and simplify both interface and content.,"Simplicity, White Space, Option Reduction"
UX Best Practices & Supportive Patterns,Establish Clear Hierarchy Strategy,"Establish Clear Hierarchy Strategy is the study and application of organizing content logically and using size, color, and typography effectively to help users navigate and understand relationships between elements.","Visual Hierarchy, Logical Organization, Typography"
UX Best Practices & Supportive Patterns,Provide Clear Instructions Strategy,Provide Clear Instructions Strategy is the study and application of using actionable language without jargon and offering visual cues and feedback to guide users effortlessly through actions.,"Actionable Language, Visual Cues, Instructions"
UX Best Practices & Supportive Patterns,Avoid Direct Payments Overview,"Avoid Direct Payments Overview is an introduction to a UX design pattern focused on avoiding upfront payments to reduce negative perceptions, build trust, and encourage user engagement and investment.","Direct Payments, Monetization, UX Design"
UX Best Practices & Supportive Patterns,Why Avoiding Direct Payments Matters,"Why Avoiding Direct Payments Matters is the study and application of building user trust through transparent pricing, increasing product accessibility for a diverse audience, and reducing churn by eliminating the feeling of being locked-in.","Trust-Building, Accessibility, Reduced Churn"
UX Best Practices & Supportive Patterns,Strategies to Avoid Direct Payments,"Strategies to Avoid Direct Payments is a practical guide to the use of free trials, freemium models, in-app purchases, subscriptions, and usage-based pricing to remove upfront payment barriers.","Free Trials, Freemium, Usage-Based Pricing"
UX Best Practices & Supportive Patterns,Accessibility in UI Design Overview,"Accessibility in UI Design Overview is an introduction to the creation of inclusive interfaces usable by everyone, including people with visual, auditory, motor, or cognitive impairments, following international standards.","Accessibility, Inclusive Design, UI Design, WCAG 2.2, Accessible Authentication, Focus Appearance"
UX Best Practices & Supportive Patterns,WCAG Guidelines POUR Principles,"WCAG Guidelines POUR Principles is a framework for understanding international standards established by W3C outlining criteria to make content perceivable, operable, understandable, and robust.","WCAG Guidelines, POUR, W3C Standards, WCAG 2.2, Accessible Authentication, Focus Appearance"
UX Best Practices & Supportive Patterns,Benefits of Accessible UI Design,"Benefits of Accessible UI Design explains the benefits and value of reaching a wider audience, improving overall user experience, enhancing brand image and inclusivity, and ensuring legal compliance.","Wider Audience, Brand Image, Legal Compliance, WCAG 2.2, Accessible Authentication, Focus Appearance"
UX Best Practices & Supportive Patterns,How to Design for Accessibility,"How to Design for Accessibility is a practical guide to ensuring sufficient color contrast, supporting full keyboard navigation, providing alternative text, using clear labels, and maintaining readability.","Color Contrast, Keyboard Navigation, Alt Text, WCAG 2.2, Accessible Authentication, Focus Appearance"
UX Best Practices & Supportive Patterns,Accessibility Testing Approaches,"Accessibility Testing Approaches is the systematic study and evaluation of validating UI design through manual testing with keyboard and screen readers, automated code analysis tools, and user testing with people with disabilities.","Manual Testing, Automated Tools, User Testing, WCAG 2.2, Accessible Authentication, Focus Appearance"
UX Best Practices & Supportive Patterns,Frame Text to Avoid Temporal Myopia Overview,"Frame Text to Avoid Temporal Myopia Overview is an introduction to ways to combat short-termism or temporal myopia in UX design by balancing immediate business goals with sustainable, long-term user satisfaction and loyalty.","Temporal Myopia, Short-Termism, UX Strategy"
UX Best Practices & Supportive Patterns,Long-Term vs. Short-Term UX Balance,"Long-Term vs. Short-Term UX Balance is the practice of balance between conversion metrics with enduring user satisfaction through sustainable design, user prioritization, continuous iteration, and feedback integration.","Sustainable Design, User Needs, Iteration"
UX Best Practices & Supportive Patterns,Strategies to Overcome Temporal Myopia,"Strategies to Overcome Temporal Myopia is a practical guide to the creation of adaptable solutions, gathering diverse user feedback, and building lasting trust and loyalty through security, transparency, and personalization.","User Feedback, Trust and Loyalty, Personalization"
"Commitment, Social Influence & Ethical Persuasion",Remind of Prior Commitment to Act,Remind of Prior Commitment to Act is the study and application of use of a gentle reminder of commitments or decisions they made earlier so they can move forward in their journey.,"Prior Commitment, Reminders, Behavior Change"
"Commitment, Social Influence & Ethical Persuasion",Benefits of Reminding Users of Prior Commitments,"Benefits of Reminding Users of Prior Commitments explains the benefits and value of explanation of how commitment reminders can increase follow-through, create appropriate urgency, and support consistent decisions.","Reminders, Follow-Through, Consistency"
"Commitment, Social Influence & Ethical Persuasion",Motivate Users to Act,Motivate Users to Act is the study and application of ways to how reminding users of time or effort already invested can encourage them to complete a chosen action.,"Motivation, Follow-Through, User Effort"
"Commitment, Social Influence & Ethical Persuasion",Create a Sense of Urgency,Create a Sense of Urgency is the study and application of ways to how a clear reminder of an existing commitment can help users prioritize an important task without using pressure.,"Urgency, Task Completion, Ethical UX"
"Commitment, Social Influence & Ethical Persuasion",Promote Consistency,Promote Consistency is the study and application of explanation of how reminders can help users continue behavior that matches an earlier choice or goal.,"Consistency, Behavior Change, User Goals"
"Commitment, Social Influence & Ethical Persuasion",Strategies to Remind Users of Prior Commitments,"Strategies to Remind Users of Prior Commitments is a practical guide to an introduction to progress indicators, notifications, personalized content, and social proof as practical reminder patterns.","Reminders, Progress, Personalization"
"Commitment, Social Influence & Ethical Persuasion",Display Progress Indicators,"Display Progress Indicators is the study and application of demonstrate how showing progress in a form, survey, or workflow reminds users what they have already completed.","Progress Indicators, Feedback, Completion"
"Commitment, Social Influence & Ethical Persuasion",Use Notifications,"Use Notifications is the study and application of demonstrate how timely reminders can bring users back to appointments, tasks, or decisions they previously selected.","Notifications, Timely Reminders, Re-Engagement"
"Commitment, Social Influence & Ethical Persuasion",Leverage Personalized Content,"Leverage Personalized Content is the study and application of ways to how previous actions can inform related recommendations, saved choices, and pre-filled fields.","Personalization, Saved Data, Recommendations"
"Commitment, Social Influence & Ethical Persuasion",Create Social Proof,"Create Social Proof is the study and application of explanation of how testimonials, reviews, or community activity can reinforce a user’s earlier decision while preserving trust.","Social Proof, Testimonials, Trust"
"Commitment, Social Influence & Ethical Persuasion",Strategic Value of Commitment Reminders,"Strategic Value of Commitment Reminders explains the benefits and value of connection between commitment reminders to investment, urgency, follow-through, and a more supportive user experience.","Commitment, UX Strategy, Follow-Through"
"Commitment, Social Influence & Ethical Persuasion",Make Commitment to Friends Overview,Make Commitment to Friends Overview is an introduction to a UX strategy utilizing social influence and personal accountability to drive user engagement by encouraging commitments shared with friends.,"Commitment, Social Influence, Accountability"
"Commitment, Social Influence & Ethical Persuasion",Why It Is Effective,"Why It Is Effective is the study and application of leveraging social proof from friends' activities and personal accountability that makes backing out less attractive, boosting follow-through.","Social Proof, Accountability, Follow-Through"
"Commitment, Social Influence & Ethical Persuasion",How to Implement Friend Commitments,"How to Implement Friend Commitments is a practical guide to showing friends' activity, enabling easy sharing, creating group goals and collaboration, and offering group incentives or discounts.","Implementation, Group Goals, Incentives"
"Commitment, Social Influence & Ethical Persuasion",Make Reward Scarce Overview,"Make Reward Scarce Overview is an introduction to an effective UX technique creating urgency by limiting reward availability in quantity or time, increasing perceived value and prompting fast action.","Scarcity, Urgency, UX Design"
"Commitment, Social Influence & Ethical Persuasion",Limited Quantity Strategy,"Limited Quantity Strategy is the study and application of introducing rewards with capped quantities to exert psychological pressure on users and prevent missing out, such as bonuses for the first 50 customers.","Limited Quantity, Psychological Pressure, Bonus Gifts"
"Commitment, Social Influence & Ethical Persuasion",Limited Time Offers,"Limited Time Offers is the study and application of employing time-based limitations like flash sales, 24-hour promotions, and countdown timers to encourage quick decision-making.","Limited Time, Flash Sales, Countdown Timers"
"Commitment, Social Influence & Ethical Persuasion",Exclusive Access,"Exclusive Access is the study and application of granting restricted access to members-only events, beta releases, or special product launches to add perceived value and exclusivity.","Exclusive Access, Beta Release, Members-Only"
"Commitment, Social Influence & Ethical Persuasion",Seasonal Rewards,"Seasonal Rewards is the study and application of aligning promotions with holidays or events like Black Friday or Christmas to leverage natural, once-a-year time bounds.","Seasonal Rewards, Holidays, Limited Edition"
"Commitment, Social Influence & Ethical Persuasion",Remind of Prior Commitment to Act Overview,"Remind of Prior Commitment to Act Overview is an introduction to a UX strategy utilizing gentle reminders of past commitments or decisions to create urgency, leverage investment, and promote desired actions.","Prior Commitment, UX Strategy, User Action"
"Commitment, Social Influence & Ethical Persuasion",Benefits of Reminding Users,"Benefits of Reminding Users explains the benefits and value of motivating users to follow through based on past investment, creating urgency to prioritize tasks, and promoting consistent behavior and decision-making.","Motivation, Urgency, Consistency"
"Commitment, Social Influence & Ethical Persuasion",Strategies to Remind Users,"Strategies to Remind Users is a practical guide to displaying progress indicators, sending timely notifications, leveraging personalized content and pre-filled data, and creating social proof to reinforce initial commitments.","Progress Indicators, Notifications, Personalization"
"Commitment, Social Influence & Ethical Persuasion",Elicit Implementation Intentions Overview,"Elicit Implementation Intentions Overview is an introduction to a powerful UX technique encouraging users to plan specific actions and roadmaps to achieve goals, boosting follow-through and satisfaction.","Implementation Intentions, UX Technique, Goal Achievement"
"Commitment, Social Influence & Ethical Persuasion",Why Implementation Intentions Matter,"Why Implementation Intentions Matter is a practical guide to providing clear roadmaps of how and when to take action instead of vague ideas, removing ambiguity to increase success rates.","Roadmap, Clarity, Success Rate"
"Commitment, Social Influence & Ethical Persuasion",How to Elicit Implementation Intentions,"How to Elicit Implementation Intentions is a practical guide to breaking down goals into subtasks, providing clear step-by-step instructions, setting attainable deadlines, creating reminders, tracking progress, and offering positive feedback.","Subtasks, Deadlines, Progress Tracking"
"Commitment, Social Influence & Ethical Persuasion",Default Everything Overview,"Default Everything Overview is an introduction to a key UX principle implementing default settings for user actions and input fields to simplify decisions, save time, and prevent errors.","Default Settings, UX Principle, Simplification"
"Commitment, Social Influence & Ethical Persuasion",Why Default Settings Matter,"Why Default Settings Matter is the study and application of reducing cognitive load, increasing product usability for new users, and minimizing errors caused by complex manual configurations.","Cognitive Load, Usability, Error Reduction"
"Commitment, Social Influence & Ethical Persuasion",Tips for Implementing Defaults,"Tips for Implementing Defaults is a practical guide to choosing sensible defaults, allowing easy customization, setting progressive defaults based on user behavior, and testing and validating through feedback.","Sensible Defaults, Customization, Progressive Defaults"
"Commitment, Social Influence & Ethical Persuasion",Deploy Peer Comparisons Overview,"Deploy Peer Comparisons Overview is an introduction to using peer comparisons in UX design to show how user actions stack up against others, motivating desired actions through social proof while ensuring ethical implementation.","Peer Comparisons, UX Design, Social Proof"
"Commitment, Social Influence & Ethical Persuasion",Benefits of Deploying Peer Comparisons,"Benefits of Deploying Peer Comparisons explains the benefits and value of motivating users through social proof, providing informative insights on ranking or improvement, and introducing friendly competition.","Motivation, Informative Insights, Friendly Competition"
"Commitment, Social Influence & Ethical Persuasion",Best Practices for Deploying Peer Comparisons,"Best Practices for Deploying Peer Comparisons is the study and application of ensuring relevance, avoiding shaming, respecting privacy with consent, providing opt-out options, and displaying comparisons sparingly.","Best Practices, Privacy, Opt-Out"
"Testing, Learning & Systems Thinking",Usability Testing Overview,"Usability Testing Overview is an introduction to a key UX method evaluating how easy and efficient it is for users to complete tasks, ensuring products are user-friendly and meet target needs.","Usability Testing, UX Evaluation, User Tasks, Experiment Instrumentation, Evidence-Based UX"
"Testing, Learning & Systems Thinking",Benefits of Usability Testing,"Benefits of Usability Testing explains the benefits and value of identifying and fixing problems early, improving overall user experience, increasing satisfaction and loyalty, reducing support costs, and boosting conversions.","Early Detection, User Satisfaction, Cost Reduction, Experiment Instrumentation, Evidence-Based UX"
"Testing, Learning & Systems Thinking",How to Conduct Usability Testing,"How to Conduct Usability Testing is a practical guide to defining goals, recruiting representative participants, creating a test plan, conducting observed tests, analyzing results, and performing user interviews.","Test Plan, Recruitment, Analysis, Experiment Instrumentation, Evidence-Based UX"
"Testing, Learning & Systems Thinking",Tips for Effective Usability Testing,"Tips for Effective Usability Testing is a practical guide to focusing on specific tasks, using small sample sizes, maintaining objectivity, asking open-ended questions, and respecting participant time.","Objective Feedback, Open-Ended Questions, Efficiency, Experiment Instrumentation, Evidence-Based UX"
"Testing, Learning & Systems Thinking",Eye Tracking in UX Research Overview,"Eye Tracking in UX Research Overview is an introduction to advanced observation method measuring where users look and for how long to provide insights into attention, information processing, and decision-making.","Eye Tracking, UX Research, Visual Attention, AI-Assisted Synthesis, Research Integrity, Human Review"
"Testing, Learning & Systems Thinking",How Eye Tracking Works,"How Eye Tracking Works is the study and application of using specialized equipment through calibration, recording gaze movements, and analyzing data via heatmaps and fixation points.","Calibration, Heatmaps, Fixation Points, Experiment Instrumentation, Evidence-Based UX"
"Testing, Learning & Systems Thinking",Benefits of Eye Tracking,"Benefits of Eye Tracking explains the benefits and value of uncovering unconscious user behavior, understanding information processing, identifying usability issues, and validating design decisions.","Unconscious Behavior, Usability Issues, Design Validation, Experiment Instrumentation, Evidence-Based UX"
"Testing, Learning & Systems Thinking",Considerations and Use Scenarios,"Considerations and Use Scenarios is the study and application of addressing high costs and limited scope by combining methods, and applying eye tracking to complex interfaces, website redesigns, and information hierarchy.","Cost, Limited Scope, Complex Interfaces"
"Testing, Learning & Systems Thinking",User Interviews Overview,"User Interviews Overview is an introduction to a valuable usability testing tool used to understand user perspectives, identify usability problems, and gather feedback on potential solutions.","User Interviews, Usability Testing, User Feedback, AI-Assisted Synthesis, Research Integrity, Human Review"
"Testing, Learning & Systems Thinking",When to Use User Interviews,"When to Use User Interviews is the study and application of applying interviews across any stage of testing to understand goals and pain points, identify usability frustrations, and gather feedback on solutions.","Timing, Perspective, Solutions, AI-Assisted Synthesis, Research Integrity, Human Review"
"Testing, Learning & Systems Thinking",How to Conduct User Interviews,"How to Conduct User Interviews is a practical guide to preparing targeted questions, creating a relaxed environment, introducing the purpose, asking open-ended questions, taking notes, and thanking participants.","Preparation, Environment, Open-Ended Questions, AI-Assisted Synthesis, Research Integrity, Human Review"
"Testing, Learning & Systems Thinking",Tips for Effective User Interviews,"Tips for Effective User Interviews is a practical guide to avoiding leading questions, maintaining objectivity, listening carefully without interruption, capturing exact words and body language, and following up on interesting points.","Objectivity, Active Listening, Follow-Up, AI-Assisted Synthesis, Research Integrity, Human Review"
"Testing, Learning & Systems Thinking",Incremental A/B Testing Overview,"Incremental A/B Testing Overview is an introduction to evaluating the impact of small, iterative design, content, or functionality changes on conversion goals to make measurable improvements.","A/B Testing, UX Design, Iterative Changes, Experiment Instrumentation, Evidence-Based UX"
"Testing, Learning & Systems Thinking",Benefits of Incremental A/B Testing,"Benefits of Incremental A/B Testing explains the benefits and value of reducing risk through focused changes, ensuring easier implementation with shorter development cycles, and gathering precise data-based insights.","Reduced Risk, Easier Implementation, Data Insights, Experiment Instrumentation, Evidence-Based UX"
"Testing, Learning & Systems Thinking",Steps to Conduct Incremental A/B Testing,"Steps to Conduct Incremental A/B Testing is a practical guide to identifying goals, defining hypotheses, implementing specific changes, setting up A/B environments, analyzing results, and continuously iterating.","Hypothesis, Testing Environment, Iteration, Experiment Instrumentation, Evidence-Based UX"
"Testing, Learning & Systems Thinking",Multivariate Testing Overview,Multivariate Testing Overview is an introduction to an advanced user testing method testing multiple elements simultaneously to identify the best-performing design variations and optimize user experience.,"Multivariate Testing, UX Testing, Optimization, Experiment Instrumentation, Evidence-Based UX"
"Testing, Learning & Systems Thinking",Key Advantages of Multivariate Testing,"Key Advantages of Multivariate Testing explains the benefits and value of optimizing interface performance, increasing confidence through data-driven insights, and saving time and resources compared to individual testing.","Optimization, Confidence, Efficiency, Experiment Instrumentation, Evidence-Based UX"
"Testing, Learning & Systems Thinking",When to Use Multivariate Testing,"When to Use Multivariate Testing is the systematic study and evaluation of deploying for complex designs, high-traffic scenarios, confirming best-performing variations beyond A/B testing, and handling uncertain hypotheses.","Complex Designs, High Traffic, Hypotheses, Experiment Instrumentation, Evidence-Based UX"
"Testing, Learning & Systems Thinking",Considerations for Multivariate Testing,Considerations for Multivariate Testing is the systematic study and evaluation of requiring a larger user sample size and high traffic volume while keeping focus on critical design goals and user feedback.,"Sample Size, Traffic Volume, User Feedback, Experiment Instrumentation, Evidence-Based UX"
"Testing, Learning & Systems Thinking",Gather Lessons Learned Overview,"Gather Lessons Learned Overview is an introduction to an essential UX process of gathering design insights, prioritizing issues, and integrating them into future product iterations for continuous improvement.","Lessons Learned, Continuous Improvement, UX Process"
"Testing, Learning & Systems Thinking",Gathering UX Lessons,"Gathering UX Lessons is the practice of collecting strong and weak points via user feedback, quantitative usability test data, and qualitative insights from user interviews or surveys.","User Feedback, Usability Data, Qualitative Insights"
"Testing, Learning & Systems Thinking",Prioritization Methods,"Prioritization Methods is the study and application of ranking issues using an Impact-Effort Matrix, the MoSCoW Method, or the Kano Model to allocate resources and time effectively.","Impact-Effort Matrix, MoSCoW, Kano Model"
"Testing, Learning & Systems Thinking",Integrating Lessons into the Roadmap,"Integrating Lessons into the Roadmap is the study and application of addressing prioritized issues during iteration planning, incorporating them into design requirements, and collaborating with development teams.","Product Roadmap, Iteration Planning, Development"
"Testing, Learning & Systems Thinking",UX Case Study Examples Overview,"UX Case Study Examples Overview is an introduction to examining real-world UX case studies to understand problem-solving frameworks, research methodologies, and design execution.","Case Studies, UX Portfolio, Real-World Design, AI Disclosure, Design Provenance, Impact Evidence"
"Testing, Learning & Systems Thinking",Key Components of a UX Case Study,"Key Components of a UX Case Study is the practice of structuring case studies with a clear problem statement, user research insights, ideation processes, wireframing, and final outcome validation.","Problem Statement, User Research, Ideation, Design Tokens 2025.10, Cross-Platform Theming, Multi-Brand Systems"
"Testing, Learning & Systems Thinking",Demonstrating Impact and Learnings,"Demonstrating Impact and Learnings explains the benefits and value of highlighting measurable results, user feedback, metrics improvement, and lessons learned throughout the product design lifecycle.","Impact, Metrics, Lessons Learned"
"Testing, Learning & Systems Thinking",Systems Thinking in Education Overview,"Systems Thinking in Education Overview is an introduction to a holistic cognitive framework moving away from reductionism to focus on relationships, patterns, feedback loops, and interconnectedness.","Systems Thinking, Holistic Framework, Education"
"Testing, Learning & Systems Thinking",Core Elements of Systems Thinking,"Core Elements of Systems Thinking is the study and application of identifying interconnectedness, understanding feedback loops, recognizing emergence, and practicing perspective shifting across multiple scales.","Interconnectedness, Feedback Loops, Emergence"
"Testing, Learning & Systems Thinking",Practical Systems Tools for Educators,"Practical Systems Tools for Educators is the study and application of using the Iceberg Model, Causal Loop Diagrams, and Connection Circles to look beneath surface events and map systemic variables.","Iceberg Model, Causal Loop Diagrams, Connection Circles"
"AI-Assisted Design, Prototyping & Interface Foundations",★ Agentic UX & Human-in-the-Loop Workflows,"Agentic UX & Human-in-the-Loop Workflows is a practical guide to the design of experiences where AI agents plan, act, and ask for confirmation while people retain visibility, control, and the ability to recover.","Agentic UX, Human-in-the-Loop, AI Workflows, Permissions, Recovery Design"
"AI-Assisted Design, Prototyping & Interface Foundations",★ Generative UI & Adaptive Interfaces,"Generative UI & Adaptive Interfaces is the practice of interfaces that assemble or adapt content, layout, and actions in response to user intent, context, and model output.","Generative UI, Adaptive Interfaces, Context-Aware UX, Guardrails, Explainability"
"AI-Assisted Design, Prototyping & Interface Foundations",★ Design-to-Code with AI Agents,"Design-to-Code with AI Agents is the practice of connecting design intent, components, tokens, and accessibility requirements to AI-assisted code generation and review.","Design-to-Code, AI Agents, Component Fidelity, Design Tokens, Code Review"
"AI-Assisted Design, Prototyping & Interface Foundations",★ Multimodal Interaction Design,"Multimodal Interaction Design is the practice of coordinated experiences across text, voice, vision, touch, and gesture, including how users switch modes and recover from misinterpretation.","Multimodal UX, Voice UI, Vision Interaction, Gesture, Mode Switching"
"AI-Assisted Design, Prototyping & Interface Foundations","★ AI Evaluation, Guardrails & Trustworthy UX","AI Evaluation, Guardrails & Trustworthy UX is the systematic study and evaluation of evaluation of AI features for usefulness, reliability, bias, uncertainty, privacy, and harmful failure modes.","AI Evaluation, Guardrails, Uncertainty UX, Bias Testing, Human Review"
"Cognitive Psychology, Behavioral Models & Persuasion",★ Designing for AI Uncertainty and Model Failure,"Designing for AI Uncertainty and Model Failure is a framework for understanding the principles of users what an AI system knows, does not know, and may have misunderstood, then design confirmation, correction, fallback, and retry paths.","Uncertainty Communication, Error Recovery, Confidence Signals, Fallback UX, AI Safety"
"UX Projects, Methods & Research Workflow",★ Synthetic Users & AI-Assisted Research Synthesis,"Synthetic Users & AI-Assisted Research Synthesis is the systematic study and evaluation of use of AI to organize transcripts, generate hypotheses, and explore scenarios without confusing synthetic output with evidence from real people.","AI-Assisted Research, Synthetic Users, Research Integrity, Provenance, Human Review"
"Design Systems, Interaction & Business Value",★ Design Tokens 2025.10 & Cross-Platform Theming,"Design Tokens 2025.10 & Cross-Platform Theming is the practice of application of the stable Design Tokens 2025.10 format to shared color, type, spacing, motion, and component decisions across web, iOS, Android, and other platforms.","Design Tokens 2025.10, Cross-Platform Theming, Token Aliases, Multi-Brand Systems, Interoperability"
"UX Practice, Tools & Visual Communication","★ OKLCH, Wide-Gamut Color & Modern Contrast Systems","OKLCH, Wide-Gamut Color & Modern Contrast Systems is the study and application of creation of palettes using perceptual color spaces, modern CSS color functions, and contrast checks that remain readable across displays and themes.","OKLCH, CSS Color 5, Wide-Gamut Color, Relative Color, Contrast Systems"
UX Best Practices & Supportive Patterns,★ WCAG 2.2+ Interaction Patterns,"WCAG 2.2+ Interaction Patterns is the practice of application of WCAG 2.2 changes such as focus visibility, target size, dragging alternatives, consistent help, redundant entry, and accessible authentication to common interface patterns.","WCAG 2.2, Focus Appearance, Target Size, Accessible Authentication, Dragging Alternatives"
UX Best Practices & Supportive Patterns,★ WCAG 3 Working Draft & Outcome-Based Accessibility,WCAG 3 Working Draft & Outcome-Based Accessibility is the study and application of an introduction to WCAG 3 as a working draft and compare its developing outcome-oriented approach with established WCAG 2.2 success criteria.,"WCAG 3 Working Draft, Outcome-Based Accessibility, Conformance, Accessibility Maturity, Future Standard"
"Foundations, Communication & Design Thinking","★ AI Disclosure, Consent & Data Boundaries","AI Disclosure, Consent & Data Boundaries is the study and application of design of clear moments for disclosure, consent, data minimization, memory controls, and user choice when products use AI or personalization.","AI Disclosure, Consent UX, Data Minimization, Personalization Controls, Privacy UX"
"AI-Assisted Design, Prototyping & Interface Foundations",★ AI Content Provenance & C2PA Content Credentials,"AI Content Provenance & C2PA Content Credentials is the study and application of explanation of how provenance metadata can record an asset’s origin, edits, ingredients, and signing history, then design user interfaces that make authenticity signals understandable without overstating certainty.","C2PA 2.2, Content Credentials, Media Provenance, Cryptographic Binding, Trust Signals"
"Laws of UX, Biases & Decision Design",★ Privacy-Preserving Personalization,"Privacy-Preserving Personalization is the study and application of balance relevant recommendations with user control, local processing, clear explanations, and the ability to reset or inspect personalization.","Privacy-Preserving UX, On-Device AI, Personalization, User Control, Data Transparency"
"UX Practice, Tools & Visual Communication","★ Liquid Glass, Dynamic Materials & Legibility","Liquid Glass, Dynamic Materials & Legibility is the practice of evaluation of dynamic materials such as Liquid Glass as functional layers for controls and navigation, with attention to hierarchy, contrast, motion, transparency, and accessibility settings.","Liquid Glass, Dynamic Materials, Vibrancy, Transparency, Legibility"
"UX Practice, Tools & Visual Communication",★ Spatial Web & 3D Interface Design,"Spatial Web & 3D Interface Design is the practice of extend UX principles into spatial interfaces by teaching orientation, depth, scale, gaze, hand input, comfort, and transitions between 2D and 3D contexts.","Spatial Web, 3D UX, Spatial Computing, Gaze Input, Hand Tracking"
"UX Practice, Tools & Visual Communication",★ WebGPU & Rich Interactive Visualization,"WebGPU & Rich Interactive Visualization is the study and application of an exploration of how GPU-accelerated web graphics can support responsive data visualizations, simulations, and spatial experiences while preserving performance, accessibility, and understandable interaction.","WebGPU, Interactive Visualization, GPU Graphics, Data Exploration, Performance UX"
"UX Projects, Methods & Research Workflow",★ Sustainable UX for AI and High-Compute Products,"Sustainable UX for AI and High-Compute Products is the practice of include energy, device constraints, network cost, model size, and carbon-aware choices in product decisions without hiding important functionality.","Sustainable UX, Carbon-Aware Design, Efficient AI, Device Constraints, Responsible Innovation"
"Testing, Learning & Systems Thinking",★ AI-Native UX Case Studies & Portfolio Ethics,"AI-Native UX Case Studies & Portfolio Ethics is the practice of document how AI contributed to research, ideation, prototyping, or code while showing human decisions, evidence, limitations, and outcomes.","AI Disclosure, Design Provenance, Case Study Ethics, Human Contribution, Impact Evidence"
High-Impact Bullet Points & Resume Foundations,Duties vs. Accomplishments & Impact Mindset,"Duties vs. Accomplishments & Impact Mindset is the study and practice of shifting job-seeker mindsets from passive duty listing to active, value-driven accomplishments that prove systemic business impact.","High-Impact Verbs, Accomplishment Bullet Points, Measurable Value, Active Voice, Resume Mindset, Impact-Driven Writing"
High-Impact Bullet Points & Resume Foundations,Action Verbs & Distinction Matrix,"Action Verbs & Distinction Matrix defines the precise technical connotations carried by verbs like Automated, Streamlined, Resolved, Architected, and Engineered for ATS software and hiring managers.","Automated, Streamlined, Resolved, Architected, Engineered, Technical Action Verbs, Connotation Analysis, Process Efficiency"
High-Impact Bullet Points & Resume Foundations,The Impact Formula & Quantifiable Metrics,The Impact Formula & Quantifiable Metrics is the structured formula (Action Verb + Technical Tool/Context + Measurable Result/Outcome) used to quantify and prove technical efficiency and business value.,"Impact Formula, Quantified Metrics, SLA Performance, Efficiency Percentage, Ticket Volume, Result Statements, Outcome-Driven Bullets"
Targeting & Keyword Optimization Strategy,ATS Keyword Placement & Parsing Rules,ATS Keyword Placement & Parsing Rules is the strategy of placing exact-match technical keywords strategically in both Skills and Experience sections to satisfy ATS parsers and human recruiters.,"ATS Parsing, Exact-Match Keywords, Skills Section Indexing, Contextual Keyword Placement, Recruiter Scanning, Job Description Matching"
Targeting & Keyword Optimization Strategy,ATS Compliance & Deceptive Formatting Warnings,"ATS Compliance & Deceptive Formatting Warnings is the study of formatting pitfalls, white-text tricks, hidden margins, and complex layout mistakes that cause automatic application rejections.","ATS Warnings, Plain-Text Stripping, White-Text Keyword Stuffing, Formatting Pitfalls, Hidden Text Rejection, Parser Error Prevention"
"Resume Layout, Formatting & Structural Standards","Page Setup, Spacing & Layout Rules","Page Setup, Spacing & Layout Rules establishes strict formatting parameters for technical resumes including single-column layouts, 1.0-1.15 line spacing, 0.5-1.0 inch margins, and single-page length for entry-level candidates.","Single-Column Layout, Line Spacing (1.0-1.15), Margins (0.5-1.0 in), Page Length Standards, Typography Rules, Clean Structure"
"Resume Layout, Formatting & Structural Standards",Complete Resume Formatting Audit Checklist,"Complete Resume Formatting Audit Checklist is a 4-part verification standard covering layout setup, typography hierarchy, consistency in dates/bullets, and file format compliance prior to job submission.","Formatting Audit, Typography Hierarchy, Date Consistency, Standard Bullet Points, PDF vs DOCX Standards, Document Audit"
Hands-On Coaching Methodologies & Live Blueprint,Active Learning & Workshop Exercises,Active Learning & Workshop Exercises provides practical student activities such as 'The Messy Resume Fix' and 'Build from Raw Data' to build critical recruiter-mindset self-editing skills.,"Messy Resume Fix, Raw Data Layout Build, Active Learning, Recruiter Mindset, Peer Review Exercises, Classroom Workshops"
Hands-On Coaching Methodologies & Live Blueprint,Live 1-on-1 Resume Review Session Blueprint,"Live 1-on-1 Resume Review Session Blueprint is a structured 30-45 minute live coaching agenda covering rapport, structural ATS scan, bullet transformation, keyword alignment, and actionable homework assignments.","Coaching Agenda, Live Review Session, Rapport Setting, Rapid Bullet Transformation, Actionable Homework, 1-on-1 Coaching"
Handling Edge Cases & Non-Traditional Candidates,Non-Traditional & Entry-Level Strategy,"Non-Traditional & Entry-Level Strategy provides section ordering and hierarchy rules for candidates with no direct IT experience, emphasizing homelabs, hands-on projects, GitHub repositories, and certifications above work history.","No Direct Experience, Homelabs, GitHub Repositories, Project Hierarchy, CompTIA Certifications, Hands-On Experience"
Handling Edge Cases & Non-Traditional Candidates,Retail & Non-IT Career Reframing,"Retail & Non-IT Career Reframing is the technique of translating non-IT customer service, retail cashier, and administrative job duties into high-value IT helpdesk, POS troubleshooting, and technical support accomplishments.","Transferable Skills, Non-IT Career Reframing, POS Support, Ticket Resolution, Customer Technical Support, SLA Standards"
Handling Edge Cases & Non-Traditional Candidates,Employment Gap Mitigation & Frame Strategy,"Employment Gap Mitigation & Frame Strategy is the methodology of constructively documenting career gaps through freelance work, self-study milestones, certifications, and volunteer technical projects.","Employment Gaps, Continuous Learning, Freelance Work, Volunteer Technical Projects, Self-Study Milestones, Resume Continuity"
Delivering Constructive Coaching Feedback,Praise-Critique-Action Feedback Model,"Praise-Critique-Action Feedback Model is a 3-step coaching framework that delivers supportive encouragement, explains underlying recruiter/ATS reasoning, and assigns concrete next steps to prevent student overload.","Praise-Critique-Action, Coaching Feedback, Recruiter Reasoning, Actionable Directives, Constructive Critique, Feedback Model"
ATS & Resume Optimization Tools,Automated Scanners & Plain-Text Verification,"Automated Scanners & Plain-Text Verification is the practical testing process using keyword matchers (Jobscan, Resume Worded) and plain-text Notepad exports to verify resume parsing readability.","Keyword Scanners, Jobscan, Resume Worded, Plain-Text Notepad Test, Parser Verification, Automated Matchers"
"Professional Email, Application & Outreach Standards",Professional Email ID Standards,"Professional Email ID Standards establishes baseline rules for clean candidate contact identifiers, avoiding slang, nicknames, birth years, or unprofessional handles that cause application rejections.","Professional Email Handles, Firstname Lastname Identifier, Identity Standards, Email Anti-Patterns, Candidate Professionalism"
"Professional Email, Application & Outreach Standards",Cover Letter & Email Application Architecture,Cover Letter & Email Application Architecture is the 3-paragraph structure and subject line standard for high-conversion job application emails and attached cover letters in PDF format.,"Email Application Architecture, 3-Paragraph Cover Letter, Subject Line Standard, PDF Attachment Etiquette, Outreach Standards"
"Professional Email, Application & Outreach Standards",Application Timing & Scheduling Strategy,"Application Timing & Scheduling Strategy defines optimal submission windows (Tuesday through Thursday, 8:00 AM - 10:00 AM) to maximize recruiter inbox visibility and open rates.","Application Timing, Recruiter Inbox Visibility, Scheduled Send, Peak Engagement Hours, Submission Windows"
Technical Portfolios & GitHub Integration,GitHub & Project Repository Standards,"GitHub & Project Repository Standards details repository architecture, clean README.md guidelines, code comments, terminal screenshots, and resume header hyperlinking for technical portfolios.","GitHub Portfolio, README Standards, Code Repository, Terraform, PowerShell Scripts, Bash, Visual Proof, Project Architecture"
LinkedIn Alignment & Online Presence,Profile Alignment & Recruiter Visibility,"Profile Alignment & Recruiter Visibility ensures resume-to-LinkedIn consistency and optimizes candidate headlines with target roles, certifications, and technical stack to attract recruiters.","LinkedIn Alignment, Keyword Headline Strategy, Open to Work Settings, Background Check Consistency, Recruiter Visibility"
Interview Bridging & Post-Interview Strategy,The STAR Method for Interview Bridging,"The STAR Method for Interview Bridging is the framework for converting resume bullet points into full behavioral and technical interview responses (Situation, Task, Action, Result).","STAR Method, Interview Bridging, Behavioral Interview Answers, Technical Storytelling, Quantified Outcomes, Interview Preparation"
Interview Bridging & Post-Interview Strategy,Post-Interview Thank-You Email Etiquette,"Post-Interview Thank-You Email Etiquette outlines the 24-hour follow-up protocol to express gratitude, cite specific technical discussion points, and reaffirm candidate value and interest.","Thank-You Email, Post-Interview Etiquette, 24-Hour Follow-Up, Value Reaffirmation, Interview Engagement, Candidate Follow-up"
Job Offer & Compensation Basics for Beginners,Entry-Level Offer & Compensation Evaluation,"Entry-Level Offer & Compensation Evaluation is the practice of evaluating total compensation packages, health benefits, 401(k) matching, certification reimbursement, remote savings, and professionally accepting or declining job offers.","Total Compensation, Offer Evaluation, 401k Matching, Tuition Reimbursement, Professional Acceptance, Offer Letter, Decline Etiquette"
Production Web Foundations & Frontend Delivery,Semantic HTML & Document Structure,"Semantic HTML and document structure explain how meaningful elements, headings, landmarks, lists, tables, and links create maintainable, accessible web experiences.","Semantic HTML, Document Outline, Landmarks, Headings, Links, Tables, Progressive Enhancement"
Production Web Foundations & Frontend Delivery,CSS Layout with Flexbox & Grid,"CSS layout with Flexbox and Grid covers responsive alignment, spacing, sizing, ordering, and composition for robust interface layouts.","CSS Flexbox, CSS Grid, Responsive Units, Intrinsic Sizing, Layout Composition, Container Queries"
Production Web Foundations & Frontend Delivery,JavaScript & TypeScript for Designers,"JavaScript and TypeScript for designers introduce variables, functions, events, data structures, types, and practical interaction logic for prototypes and products.","JavaScript, TypeScript, Events, Functions, Types, DOM, Interaction Logic"
Production Web Foundations & Frontend Delivery,"DOM, State & Interface Behavior","DOM and state fundamentals explain how interface components respond to user input, loading, success, failure, and changing application data.","DOM, UI State, Application State, Loading States, Error States, Component Behavior"
Production Web Foundations & Frontend Delivery,"Forms, Validation & Error Recovery","Forms, validation, and error recovery cover input constraints, inline feedback, server errors, recovery paths, and preserving user-entered data.","Form Design, Validation, Error Recovery, Input Constraints, Server Errors, Data Preservation"
Production Web Foundations & Frontend Delivery,Git & Version Control for Designers,"Git and version control teach branching, commits, pull requests, reviews, and collaboration practices for design and code changes.","Git, GitHub, Branches, Commits, Pull Requests, Code Review, Collaboration"
Production Web Foundations & Frontend Delivery,API Concepts for Product Designers,"API concepts explain requests, responses, resources, authentication, pagination, rate limits, and how interface designs depend on backend behavior.","APIs, REST, GraphQL, Requests, Responses, Pagination, Rate Limits"
Production Web Foundations & Frontend Delivery,Design-to-Code Handoff & Design QA,"Design-to-code handoff and design QA cover specifications, tokens, states, responsive behavior, acceptance criteria, and comparing implementation against intent.","Design Handoff, Design QA, Acceptance Criteria, Responsive States, Tokens, Implementation Review"
Production Web Foundations & Frontend Delivery,Component-Driven Development & Storybook,"Component-driven development and Storybook explain reusable UI components, documented variants, isolated testing, and shared design-development vocabulary.","Component-Driven Development, Storybook, Component Variants, Documentation, Visual Testing"
Production Web Foundations & Frontend Delivery,"Deployment, Environments & CI/CD","Deployment, environments, and CI/CD introduce local, staging, and production workflows, automated checks, release gates, rollback plans, and change visibility.","Deployment, Staging, Production, CI/CD, Release Gates, Rollbacks, Environment Variables"
Accessibility Implementation & Inclusive Product Quality,Keyboard-Only Interaction Testing,"Keyboard-only interaction testing verifies focus order, visible focus, skip links, menus, dialogs, traps, and complete task flows without a pointer.","Keyboard Testing, Focus Order, Focus Visible, Skip Links, Dialogs, Focus Traps"
Accessibility Implementation & Inclusive Product Quality,Screen Reader Testing Workflow,"Screen reader testing introduces accessible names, landmarks, heading navigation, announcements, reading order, and task-based assistive-technology checks.","Screen Readers, Accessible Names, Landmarks, Reading Order, Announcements, Assistive Technology"
Accessibility Implementation & Inclusive Product Quality,Accessible Forms & Error Messages,"Accessible forms and error messages cover labels, instructions, required fields, error identification, suggestions, summaries, and recovery without losing context.","Accessible Forms, Labels, Instructions, Error Identification, Error Suggestion, Recovery"
Accessibility Implementation & Inclusive Product Quality,"Accessible Dialogs, Menus & Overlays","Accessible dialogs, menus, and overlays explain roles, focus management, escape behavior, background interaction, and announcement patterns.","Dialogs, Menus, Overlays, Focus Management, Escape Behavior, ARIA"
Accessibility Implementation & Inclusive Product Quality,Accessible Status Messages & Live Regions,"Status messages and live regions cover how dynamic updates such as saves, errors, progress, and notifications reach assistive technologies without disruptive focus changes.","Status Messages, Live Regions, Notifications, Progress Updates, ARIA Live"
Accessibility Implementation & Inclusive Product Quality,"Motion, Animation & Reduced Motion","Motion and animation design addresses vestibular sensitivity, reduced-motion preferences, flashing content, transition alternatives, and user control.","Reduced Motion, Animation, Flashing Content, Vestibular Sensitivity, Motion Preferences"
Accessibility Implementation & Inclusive Product Quality,"Target Size, Dragging & Touch Accessibility","Target size, dragging, and touch accessibility cover pointer cancellation, alternative controls, minimum hit areas, and non-drag alternatives.","Target Size, Dragging Movements, Pointer Cancellation, Touch Accessibility, Alternative Controls"
Accessibility Implementation & Inclusive Product Quality,Accessibility Acceptance Criteria & Audits,"Accessibility acceptance criteria and audits turn WCAG requirements into testable product requirements, defect priorities, evidence, and release decisions.","WCAG 2.2, Acceptance Criteria, Accessibility Audit, Defect Severity, Conformance Evidence"
Accessibility Implementation & Inclusive Product Quality,Inclusive Research with Disabled Participants,"Inclusive research with disabled participants covers recruitment, accommodations, consent, assistive technology, respectful facilitation, and interpreting lived experience.","Inclusive Research, Disabled Participants, Accommodations, Consent, Research Ethics"
"Security, Privacy & Trustworthy UX","Authentication, Sessions & Account Recovery","Authentication, sessions, and account recovery explain sign-in, MFA, passkeys, session expiry, device recognition, recovery codes, and safe recovery journeys.","Authentication, MFA, Passkeys, Sessions, Account Recovery, Recovery Codes"
"Security, Privacy & Trustworthy UX","Authorization, Roles & Permissions","Authorization, roles, and permissions teach how to communicate access levels, invitations, ownership, sharing, and denied actions clearly and safely.","Authorization, RBAC, Permissions, Ownership, Sharing, Access Denied"
"Security, Privacy & Trustworthy UX",Threat Modeling for Product Designers,"Threat modeling for product designers identifies assets, actors, abuse cases, attack surfaces, mitigations, and design decisions that reduce security risk.","Threat Modeling, Abuse Cases, Attack Surface, Security Requirements, Risk Mitigation"
"Security, Privacy & Trustworthy UX",OWASP Risks & Secure Interaction Patterns,"OWASP risks and secure interaction patterns introduce broken access control, injection, insecure design, authentication failures, misconfiguration, and safe defaults.","OWASP Top 10 2025, Broken Access Control, Injection, Insecure Design, Secure Defaults"
"Security, Privacy & Trustworthy UX","Security Errors, Warnings & Recovery","Security errors, warnings, and recovery cover actionable messaging, avoiding information leakage, safe retry behavior, incident communication, and user support paths.","Security UX, Error Messages, Information Leakage, Recovery, Incident Communication"
"Security, Privacy & Trustworthy UX",Privacy by Design & Data Minimization,"Privacy by design and data minimization teach purpose limitation, collecting less data, retention limits, access controls, and lifecycle reviews.","Privacy by Design, Data Minimization, Purpose Limitation, Retention, Access Controls"
"Security, Privacy & Trustworthy UX","Consent, Preferences & Privacy Controls","Consent, preferences, and privacy controls cover plain-language choices, equal options, granular settings, revocation, and controls available throughout the user journey.","Consent, Privacy Choices, Preference Center, Revocation, Granular Controls, Plain Language"
"Security, Privacy & Trustworthy UX",Privacy Notices & Data Transparency,"Privacy notices and data transparency explain what is collected, why it is used, who receives it, how long it is kept, and how users exercise their rights.","Privacy Notice, Data Transparency, Data Use, Third Parties, User Rights"
"Security, Privacy & Trustworthy UX",Dark Patterns & Deceptive Design,"Dark patterns and deceptive design examine forced continuity, confirmshaming, hidden costs, biased defaults, obstruction, and ethical alternatives.","Dark Patterns, Deceptive Design, Confirmshaming, Forced Continuity, Ethical Design"
"Security, Privacy & Trustworthy UX","Children, Vulnerable Users & Safety","Children, vulnerable users, and safety cover age-appropriate defaults, higher protection needs, reporting, blocking, escalation, and minimizing harmful exposure.","Children's UX, Vulnerable Users, Safety, Reporting, Blocking, Age-Appropriate Design"
Product Analytics & Experimentation,North Star Metrics & Product Goals,"North Star metrics and product goals connect user value to measurable outcomes, supporting decisions without reducing experience quality to a single number.","North Star Metric, Product Goals, User Value, Business Outcomes, Guardrail Metrics"
Product Analytics & Experimentation,Event Taxonomy & Tracking Plans,"Event taxonomy and tracking plans define consistent names, properties, actors, timestamps, sources, privacy rules, and ownership for product analytics.","Event Taxonomy, Tracking Plan, Events, Properties, Data Dictionary, Analytics Governance"
Product Analytics & Experimentation,"Funnels, Activation & Onboarding Metrics","Funnels, activation, and onboarding metrics show where users start, progress, convert, abandon, and reach their first meaningful outcome.","Funnel Analysis, Activation, Onboarding, Conversion, Drop-Off, Time to Value"
Product Analytics & Experimentation,"Cohorts, Retention & Engagement","Cohorts, retention, and engagement analysis compare user groups over time and distinguish repeated value from superficial activity.","Cohort Analysis, Retention, Engagement, Churn, Repeat Usage, Segmentation"
Product Analytics & Experimentation,Experiment Design & Hypothesis Quality,"Experiment design and hypothesis quality cover treatment definitions, success metrics, guardrails, randomization, sample assumptions, and decision rules.","Experiment Design, Hypotheses, Randomization, Success Metrics, Guardrails, Decision Rules"
Product Analytics & Experimentation,A/B Testing Statistics for Designers,"A/B testing statistics for designers introduce effect size, confidence intervals, power, sample size, multiple comparisons, and practical significance.","A/B Testing, Statistical Power, Sample Size, Confidence Intervals, Effect Size, Significance"
Product Analytics & Experimentation,Qualitative and Quantitative Triangulation,"Qualitative and quantitative triangulation combines behavioral data, interviews, usability findings, surveys, and experiments to avoid overclaiming from one method.","Mixed Methods, Triangulation, Interviews, Surveys, Behavioral Data, Evidence"
Product Analytics & Experimentation,Analytics Dashboards & Decision Logs,"Analytics dashboards and decision logs present relevant trends, uncertainty, owners, actions, and follow-up checks for product teams.","Dashboards, Data Visualization, Decision Logs, Trends, Uncertainty, Product Reviews"
Product Analytics & Experimentation,Analytics Consent & Measurement Privacy,"Analytics consent and measurement privacy cover consent modes, data minimization, anonymization, retention, access, and avoiding covert tracking.","Analytics Privacy, Consent Mode, Anonymization, Retention, Tracking Controls"
"Performance, Reliability & Real-World Web UX","Core Web Vitals: LCP, INP & CLS","Core Web Vitals introduce LCP, INP, and CLS as practical measures of loading, interaction responsiveness, and visual stability.","Core Web Vitals, LCP, INP, CLS, Loading, Responsiveness, Visual Stability"
"Performance, Reliability & Real-World Web UX",Performance Budgets & UX Tradeoffs,"Performance budgets connect file size, requests, JavaScript execution, image weight, and interaction cost to user experience priorities.","Performance Budget, JavaScript Cost, File Size, Requests, UX Tradeoffs"
"Performance, Reliability & Real-World Web UX","Images, Fonts & Media Performance","Images, fonts, and media performance cover formats, responsive images, compression, font loading, video delivery, and visual quality tradeoffs.","Image Optimization, Responsive Images, Fonts, Compression, Video, Media Performance"
"Performance, Reliability & Real-World Web UX","Caching, CDN & Resource Delivery","Caching, CDNs, and resource delivery explain cache strategy, invalidation, compression, preloading, and delivering content close to users.","Caching, CDN, Cache Invalidation, Compression, Preload, Resource Delivery"
"Performance, Reliability & Real-World Web UX",Slow Networks and Low-End Devices,"Slow-network and low-end-device design tests realistic constraints and provides usable loading, retry, timeout, and partial-content experiences.","Slow Networks, Low-End Devices, Throttling, Loading UX, Timeout, Retry"
"Performance, Reliability & Real-World Web UX",Offline-First and Resilient Interaction,"Offline-first and resilient interaction cover cached content, optimistic updates, queued actions, synchronization, conflict handling, and communicating connection state.","Offline UX, Service Workers, Optimistic UI, Background Sync, Conflict Resolution"
"Performance, Reliability & Real-World Web UX","Loading, Empty, Error and Recovery States","Loading, empty, error, and recovery states create complete experiences for uncertainty, missing data, failed requests, permissions, and retry decisions.","Loading States, Empty States, Error States, Retry, Recovery, Partial Success"
"Performance, Reliability & Real-World Web UX",Progressive Web Apps & Installability,"Progressive Web Apps and installability explain manifests, service workers, offline behavior, update flows, notifications, and platform expectations.","PWA, Web App Manifest, Service Workers, Installability, Offline, Notifications"
"Content Design, SEO & Internationalization",Content Strategy and Content Modeling,"Content strategy and content modeling organize reusable content types, ownership, lifecycle, governance, and relationships across products.","Content Strategy, Content Model, Content Types, Governance, Content Lifecycle"
"Content Design, SEO & Internationalization",Plain Language and Reading-Level Design,"Plain-language and reading-level design improve comprehension through structure, familiar language, scannability, and testing with real users.","Plain Language, Readability, Reading Level, Scannability, Content Testing"
"Content Design, SEO & Internationalization",Search Intent and Information Findability,"Search intent and findability connect user questions, terminology, navigation, internal search, and content structure to successful discovery.","Search Intent, Findability, Internal Search, Terminology, Content Structure"
"Content Design, SEO & Internationalization",Technical SEO Essentials,"Technical SEO essentials cover crawlability, indexability, canonical URLs, redirects, metadata, sitemaps, structured data, and search-friendly rendering.","Technical SEO, Crawlability, Indexability, Canonical URLs, Redirects, Structured Data"
"Content Design, SEO & Internationalization","Search Result Titles, Snippets & Structured Data","Search result titles, snippets, and structured data explain how page content influences discoverability and user decisions in search results.","Title Tags, Meta Descriptions, Structured Data, Rich Results, Search Snippets"
"Content Design, SEO & Internationalization",Localization and Translation Workflows,"Localization and translation workflows cover source writing, translation memory, review, context, expansion, truncation, and release management.","Localization, Translation, Translation Memory, Context, Text Expansion, Review"
"Content Design, SEO & Internationalization",Right-to-Left and Bidirectional Interfaces,"Right-to-left and bidirectional interfaces address mirrored layouts, mixed-direction text, numbers, icons, navigation, and testing with native readers.","RTL, Bidirectional Text, Mirrored Layouts, Arabic UX, Hebrew UX, Localization QA"
"Content Design, SEO & Internationalization","International Dates, Numbers and Currencies","International dates, numbers, currencies, addresses, time zones, and measurement units prevent localization errors in forms, commerce, and communication.","Internationalization, Dates, Numbers, Currency, Time Zones, Addresses, Units"
"Product Delivery, Design Operations & Collaboration",Product Discovery and Opportunity Framing,"Product discovery and opportunity framing connect user problems, evidence, constraints, desired outcomes, and opportunity statements before solution design.","Product Discovery, Opportunity Framing, Problem Space, Outcomes, Constraints"
"Product Delivery, Design Operations & Collaboration","Requirements, User Stories and Acceptance Criteria","Requirements, user stories, and acceptance criteria translate user and business needs into testable behavior, edge cases, accessibility, and release conditions.","Requirements, User Stories, Acceptance Criteria, Edge Cases, Definition of Done"
"Product Delivery, Design Operations & Collaboration","Design Handoff, Specifications and Documentation","Design handoff, specifications, and documentation make states, behavior, responsive rules, content, tokens, and accessibility requirements clear to delivery teams.","Design Handoff, Specifications, States, Behavior, Design Documentation, Accessibility Requirements"
"Product Delivery, Design Operations & Collaboration",Design System Contribution and Versioning,"Design system contribution and versioning cover contribution models, breaking changes, deprecation, release notes, adoption, and maintaining component quality.","Design Systems, Versioning, Contribution Model, Deprecation, Release Notes, Adoption"
"Product Delivery, Design Operations & Collaboration",Design Tokens in Code and Theming,"Design tokens in code and theming connect semantic values across platforms while supporting modes, brands, contrast, and controlled change.","Design Tokens, Semantic Tokens, Theming, Modes, Brand Systems, Cross-Platform"
"Product Delivery, Design Operations & Collaboration",Design Critique and Decision Records,"Design critique and decision records create constructive review, evidence-based tradeoffs, recorded rationale, and clear ownership for unresolved questions.","Design Critique, Decision Records, Tradeoffs, Rationale, Ownership, Review"
"Product Delivery, Design Operations & Collaboration","Agile, Scrum and Continuous Discovery","Agile, Scrum, and continuous discovery explain how research, design, engineering, and product decisions can operate as a connected learning cycle.","Agile, Scrum, Continuous Discovery, Backlog, Iteration, Cross-Functional Teams"
"Product Delivery, Design Operations & Collaboration",Release Readiness and Product Quality Gates,"Release readiness and quality gates cover functional checks, accessibility, performance, analytics, content, security, localization, and rollback evidence.","Release Readiness, Quality Gates, Accessibility QA, Performance QA, Rollback"
"AI Product Design, Evaluation & Governance",AI Capability Mapping and Model Selection,"AI capability mapping and model selection compare task fit, latency, cost, privacy, reliability, modality, and failure consequences before implementation.","AI Model Selection, Capability Mapping, Latency, Cost, Privacy, Reliability"
"AI Product Design, Evaluation & Governance",AI Hallucination and Factuality Evaluation,"AI hallucination and factuality evaluation define test cases, source grounding, confidence communication, human review, and safe responses when the system is uncertain.","Hallucinations, Factuality, Grounding, Confidence, Human Review, Evaluation Sets"
"AI Product Design, Evaluation & Governance",Prompt Injection and Data Leakage UX,"Prompt injection and data leakage UX covers untrusted instructions, sensitive context, tool permissions, redaction, refusal, and communicating system boundaries.","Prompt Injection, Data Leakage, Untrusted Input, Redaction, Tool Permissions, Refusal"
"AI Product Design, Evaluation & Governance","AI Bias, Fairness and Inclusive Evaluation","AI bias, fairness, and inclusive evaluation examine representation, disparate performance, subgroup testing, accessibility, and remediation decisions.","AI Bias, Fairness, Subgroup Evaluation, Representation, Inclusive AI, Remediation"
"AI Product Design, Evaluation & Governance","AI Disclosure, Consent and User Control","AI disclosure, consent, and user control explain when users should know AI is involved, how to opt out, how to correct results, and how to request human support.","AI Disclosure, Consent, Opt-Out, User Control, Correction, Human Support"
"AI Product Design, Evaluation & Governance","AI Provenance, Copyright and Licensing","AI provenance, copyright, and licensing cover source records, generated asset permissions, attribution, commercial use, and communicating uncertainty about origins.","AI Provenance, Copyright, Licensing, Attribution, Asset Rights, Content Credentials"
"AI Product Design, Evaluation & Governance",Human-in-the-Loop Review and Escalation,"Human-in-the-loop review and escalation define when people approve, override, investigate, or stop AI outputs in consequential workflows.","Human-in-the-Loop, Escalation, Override, Consequential Decisions, Review Queues"
"AI Product Design, Evaluation & Governance",AI Incident Response and Change Management,"AI incident response and change management cover monitoring, user reports, rollback, model updates, regression tests, audit trails, and communicating material changes.","AI Incidents, Monitoring, Rollback, Model Updates, Regression Testing, Audit Trails"
"Commerce, Subscription & Transaction UX","Pricing, Plans and Transparent Comparison","Pricing, plans, and comparison design make cost, limits, taxes, renewal, cancellation, and meaningful differences understandable before commitment.","Pricing UX, Plan Comparison, Taxes, Renewal, Cancellation, Transparent Costs"
"Commerce, Subscription & Transaction UX","Cart, Checkout and Payment Failure Recovery","Cart, checkout, and payment failure recovery cover review, validation, payment errors, retries, duplicate prevention, receipts, and order confidence.","Checkout, Payments, Cart, Payment Errors, Retry, Duplicate Prevention, Receipts"
"Commerce, Subscription & Transaction UX","Refunds, Returns and Customer Support Flows","Refunds, returns, and customer support flows explain eligibility, evidence, status visibility, escalation, and humane recovery after a transaction problem.","Refunds, Returns, Support, Case Status, Escalation, Transaction Recovery"
"Commerce, Subscription & Transaction UX",Subscription Consent and Cancellation UX,"Subscription consent and cancellation UX address recurring charges, reminders, plan changes, cancellation visibility, retention offers, and avoiding obstruction.","Subscriptions, Recurring Billing, Cancellation, Consent, Retention Offers, Dark Patterns"
"Cybersecurity, Secure UX & Digital Resilience",Cybersecurity Mindset for Designers,"Cybersecurity mindset for designers introduces assets, threats, vulnerabilities, controls, risk, and the designer's role in reducing harm before implementation.","Cybersecurity, Assets, Threats, Vulnerabilities, Controls, Risk Thinking"
"Cybersecurity, Secure UX & Digital Resilience","CIA Triad: Confidentiality, Integrity & Availability","The CIA triad explains confidentiality, integrity, and availability through familiar product decisions such as sharing, editing, backups, and service reliability.","Confidentiality, Integrity, Availability, Data Protection, Reliability"
"Cybersecurity, Secure UX & Digital Resilience",Attack Surface Mapping for Digital Products,"Attack surface mapping identifies entry points across accounts, devices, APIs, integrations, uploads, admin tools, and third-party services.","Attack Surface, Entry Points, APIs, Integrations, Admin Tools, Third Parties"
"Cybersecurity, Secure UX & Digital Resilience",Abuse Cases and Misuse-Case Mapping,"Abuse cases and misuse-case mapping turn normal user journeys into scenarios for fraud, account takeover, harassment, data theft, and service abuse.","Abuse Cases, Misuse Cases, Account Takeover, Fraud, Harassment, Abuse Prevention"
"Cybersecurity, Secure UX & Digital Resilience",Secure Defaults and Fail-Safe Behavior,"Secure defaults and fail-safe behavior teach least privilege, safe configuration, explicit confirmation, and predictable protection when systems fail.","Secure Defaults, Least Privilege, Fail-Safe, Safe Configuration, Explicit Confirmation"
"Cybersecurity, Secure UX & Digital Resilience",Passwordless Authentication & Passkeys,"Passwordless authentication and passkeys explain phishing-resistant sign-in, device credentials, recovery tradeoffs, and clear fallback experiences.","Passkeys, WebAuthn, Passwordless, Phishing Resistance, Device Credentials, Recovery"
"Cybersecurity, Secure UX & Digital Resilience","OAuth, OpenID Connect & Social Login","OAuth, OpenID Connect, and social login cover delegated access, consent screens, scopes, identity providers, account linking, and safe disconnect flows.","OAuth, OpenID Connect, Social Login, Scopes, Account Linking, Delegated Access"
"Cybersecurity, Secure UX & Digital Resilience",Session Security and Device Management,"Session security and device management cover session expiry, logout everywhere, trusted devices, suspicious sessions, revocation, and security notifications.","Sessions, Device Management, Logout Everywhere, Revocation, Security Alerts"
"Cybersecurity, Secure UX & Digital Resilience",Phishing-Resistant Login and Recovery UX,"Phishing-resistant login and recovery UX addresses domain trust, anti-phishing cues, recovery codes, support verification, and avoiding insecure fallback paths.","Phishing Resistance, Login UX, Recovery Codes, Support Verification, Account Recovery"
"Cybersecurity, Secure UX & Digital Resilience","XSS, CSRF and Injection-Aware Interface Design","XSS, CSRF, and injection-aware interface design explains how rendering, user content, requests, and validation decisions can create attack opportunities.","XSS, CSRF, Injection, Output Encoding, Input Validation, Content Security Policy"
"Cybersecurity, Secure UX & Digital Resilience","SSRF, File Uploads and URL Preview Risks","SSRF, file uploads, and URL preview risks cover remote content fetching, file type validation, malware scanning, sandboxing, and safe preview behavior.","SSRF, File Uploads, URL Previews, Malware Scanning, Sandboxing, Validation"
"Cybersecurity, Secure UX & Digital Resilience","CORS, Cookies and Browser Security Boundaries","CORS, cookies, and browser security boundaries explain origins, credentialed requests, SameSite behavior, secure cookies, and cross-origin trust.","CORS, Cookies, SameSite, Secure Cookies, Origins, Browser Security"
"Cybersecurity, Secure UX & Digital Resilience",Content Security Policy & Security Headers,"Content Security Policy and security headers introduce browser-enforced controls that reduce script injection, framing, MIME confusion, and unsafe resource loading.","CSP, Security Headers, HSTS, Frame Protection, MIME Sniffing, Browser Controls"
"Cybersecurity, Secure UX & Digital Resilience","Secrets, Keys and Sensitive Configuration","Secrets, keys, and sensitive configuration cover secret storage, rotation, environment separation, exposure prevention, and safe incident response after leakage.","Secrets Management, API Keys, Key Rotation, Environment Separation, Credential Leakage"
"Cybersecurity, Secure UX & Digital Resilience",Software Supply Chain & Dependency Risk,"Software supply-chain and dependency risk covers package selection, lockfiles, updates, provenance, build systems, third-party scripts, and vendor trust.","Software Supply Chain, Dependencies, Lockfiles, SBOM, Build Integrity, Vendor Risk"
"Cybersecurity, Secure UX & Digital Resilience",Cryptography Concepts for Product Teams,"Cryptography concepts for product teams explain hashing, encryption, transport security, key management, digital signatures, and when to use established libraries.","Cryptography, Hashing, Encryption, TLS, Digital Signatures, Key Management"
"Cybersecurity, Secure UX & Digital Resilience","Security Logging, Alerting & Audit Trails","Security logging, alerting, and audit trails connect important actions to actors, time, device, outcome, detection, investigation, and user-visible accountability.","Security Logging, Alerting, Audit Trails, Detection, Investigation, Accountability"
"Cybersecurity, Secure UX & Digital Resilience",Incident Response and Breach Communication,"Incident response and breach communication cover preparation, containment, recovery, user notification, status updates, support scripts, and learning after an event.","Incident Response, Containment, Recovery, Breach Notification, Status Updates, Lessons Learned"
"Cybersecurity, Secure UX & Digital Resilience",Ransomware Resilience and Recovery Planning,"Ransomware resilience and recovery planning cover backups, restoration priorities, continuity, degraded modes, stakeholder communication, and testing recovery assumptions.","Ransomware, Backups, Recovery, Business Continuity, Disaster Recovery, Degraded Mode"
"Cybersecurity, Secure UX & Digital Resilience",Security Awareness and Social Engineering,"Security awareness and social engineering examine phishing, pretexting, impersonation, urgency, authority cues, and humane ways to help users make safer decisions.","Social Engineering, Phishing, Pretexting, Impersonation, Urgency, Security Awareness"
"Cybersecurity, Secure UX & Digital Resilience",Trust Signals Without Security Theater,Trust signals without security theater distinguish meaningful assurances from decorative badges and design evidence users can actually verify.,"Trust Signals, Verification, Security Theater, Transparency, Assurance"
"Cybersecurity, Secure UX & Digital Resilience","Online Harassment, Reporting & Safety Controls","Online harassment, reporting, and safety controls design blocking, muting, reporting, evidence, moderation queues, appeals, and protection from retaliation.","Online Safety, Harassment, Reporting, Blocking, Muting, Moderation, Appeals"
"Cybersecurity, Secure UX & Digital Resilience",Threat Intelligence and Vulnerability Disclosure,"Threat intelligence and vulnerability disclosure introduce signals, advisories, coordinated disclosure, security contact channels, severity, and remediation communication.","Threat Intelligence, Vulnerability Disclosure, CVE, Advisories, Coordinated Disclosure"
"Cybersecurity, Secure UX & Digital Resilience",Security Incident Tabletop Exercise,"A security incident tabletop exercise lets learners practice decisions during account takeover, data exposure, ransomware, or service abuse scenarios.","Tabletop Exercise, Incident Simulation, Decision Making, Crisis Communication, Playbook"
"Digital Marketing, Growth & Ethical Conversion",Digital Marketing Ecosystem Overview,"The digital marketing ecosystem explains how owned, earned, and paid channels work together across discovery, consideration, conversion, retention, and advocacy.","Digital Marketing, Owned Media, Earned Media, Paid Media, Customer Journey, Growth"
"Digital Marketing, Growth & Ethical Conversion",Audience Segmentation & Customer Personas,"Audience segmentation and customer personas connect user research to needs, contexts, behaviors, value, and relevant marketing experiences.","Audience Segmentation, Customer Personas, Behavioral Segments, Needs, Context, Value Proposition"
"Digital Marketing, Growth & Ethical Conversion","Positioning, Value Proposition & Messaging","Positioning, value propositions, and messaging clarify who a product serves, which problem it solves, why it is different, and what proof supports the claim.","Positioning, Value Proposition, Messaging, Differentiation, Customer Problem, Proof"
"Digital Marketing, Growth & Ethical Conversion",Marketing Funnel and Customer Journey Mapping,"Marketing funnel and customer journey mapping connect awareness, consideration, conversion, onboarding, retention, and advocacy to user needs and measurable actions.","Marketing Funnel, Customer Journey, Awareness, Consideration, Conversion, Retention, Advocacy"
"Digital Marketing, Growth & Ethical Conversion",Search Intent and Keyword Research,"Search intent and keyword research identify the questions, language, comparisons, and jobs users bring to search engines before creating content or campaigns.","Search Intent, Keyword Research, Query Mapping, Informational Intent, Commercial Intent"
"Digital Marketing, Growth & Ethical Conversion",SEO Content Briefs and Topic Clusters,"SEO content briefs and topic clusters organize audience questions, primary topics, supporting pages, internal links, and evidence-led content plans.","SEO Content, Content Brief, Topic Clusters, Internal Linking, Search Demand"
"Digital Marketing, Growth & Ethical Conversion",Technical SEO and Search Essentials,"Technical SEO and Search Essentials cover crawlability, indexing, canonical URLs, redirects, structured data, useful content, and avoiding spam tactics.","Technical SEO, Crawlability, Indexing, Canonical URLs, Structured Data, Search Essentials"
"Digital Marketing, Growth & Ethical Conversion",Content Distribution and Repurposing,"Content distribution and repurposing adapt a useful idea into formats for search, email, social, video, communities, and sales enablement without creating shallow repetition.","Content Distribution, Repurposing, Social Content, Video, Email, Community"
"Digital Marketing, Growth & Ethical Conversion",Landing Page Strategy and Message Match,"Landing page strategy and message match align ad or search intent, page promise, proof, content hierarchy, accessibility, and the next action.","Landing Pages, Message Match, Value Proposition, Social Proof, Call to Action"
"Digital Marketing, Growth & Ethical Conversion",Conversion Rate Optimization Foundations,"Conversion rate optimization foundations use research, evidence, friction analysis, hypotheses, and controlled changes to improve meaningful user outcomes.","CRO, Friction Analysis, Conversion Optimization, Hypotheses, User Outcomes"
"Digital Marketing, Growth & Ethical Conversion",Form Conversion and Lead Generation UX,"Form conversion and lead-generation UX covers field minimization, progressive profiling, trust, validation, consent, completion feedback, and useful follow-up.","Lead Generation, Forms, Progressive Profiling, Consent, Validation, Completion"
"Digital Marketing, Growth & Ethical Conversion",Email Marketing and Lifecycle Journeys,"Email marketing and lifecycle journeys cover welcome, onboarding, education, activation, retention, re-engagement, transactional, and preference-based communication.","Email Marketing, Lifecycle Marketing, Welcome Series, Onboarding, Re-Engagement, Preferences"
"Digital Marketing, Growth & Ethical Conversion",Email Deliverability and Sender Reputation,"Email deliverability and sender reputation explain permission, list hygiene, authentication, bounces, complaints, suppression, and respectful sending frequency.","Email Deliverability, Sender Reputation, SPF, DKIM, DMARC, List Hygiene"
"Digital Marketing, Growth & Ethical Conversion","CRM, Lead Scoring and Marketing Automation","CRM, lead scoring, and marketing automation connect user signals to useful follow-up while avoiding excessive profiling, irrelevant messages, and opaque decisions.","CRM, Lead Scoring, Marketing Automation, Segmentation, Triggers, Personalization"
"Digital Marketing, Growth & Ethical Conversion",Paid Search and Campaign Structure,"Paid search and campaign structure cover intent-based grouping, ad relevance, landing pages, budgets, bidding, negative keywords, and quality measurement.","Paid Search, Campaign Structure, Ad Relevance, Bidding, Budgets, Negative Keywords"
"Digital Marketing, Growth & Ethical Conversion",Paid Social and Creative Testing,"Paid social and creative testing cover audience hypotheses, formats, hooks, creative variants, frequency, placements, fatigue, and quality guardrails.","Paid Social, Creative Testing, Audience Hypotheses, Ad Fatigue, Frequency, Placements"
"Digital Marketing, Growth & Ethical Conversion",UTM Parameters and Campaign Taxonomy,"UTM parameters and campaign taxonomy create consistent source, medium, campaign, content, and term labels for reliable channel reporting.","UTM Parameters, Campaign Taxonomy, Source, Medium, Campaign, Channel Reporting"
"Digital Marketing, Growth & Ethical Conversion",Attribution Models and Incrementality,Attribution models and incrementality compare touchpoint credit with the harder question of what additional outcomes marketing actually caused.,"Attribution, Incrementality, Data-Driven Attribution, Lookback Window, Causal Measurement"
"Digital Marketing, Growth & Ethical Conversion",Marketing Analytics and Key Events,"Marketing analytics and key events connect tracked interactions to meaningful business actions while documenting event definitions, quality, privacy, and limitations.","Marketing Analytics, Key Events, Conversions, Event Tracking, Measurement Plan"
"Digital Marketing, Growth & Ethical Conversion",Marketing Experimentation and Holdout Groups,"Marketing experimentation and holdout groups test campaigns, messages, offers, or audiences against a control to estimate incremental impact.","Marketing Experiments, Holdout Groups, Control Groups, Incrementality, Experiment Design"
"Digital Marketing, Growth & Ethical Conversion","Retention, Churn and Customer Lifetime Value","Retention, churn, and customer lifetime value connect marketing investment to continued use, revenue quality, customer support, and long-term customer value.","Retention, Churn, Customer Lifetime Value, Repeat Purchase, Payback Period"
"Digital Marketing, Growth & Ethical Conversion","Referral, Community and Advocacy Loops","Referral, community, and advocacy loops design useful sharing, referrals, reviews, member value, and safeguards against spam or social pressure.","Referral Marketing, Community, Advocacy, Reviews, Sharing, Referral Loops"
"Digital Marketing, Growth & Ethical Conversion",Influencer Marketing and Sponsorship Disclosure,"Influencer marketing and sponsorship disclosure cover material connections, clear labels, truthful claims, platform formats, and responsibility shared by brands and creators.","Influencer Marketing, Sponsorship Disclosure, Material Connection, Truthful Claims, #Ad"
"Digital Marketing, Growth & Ethical Conversion","Social Proof, Reviews and Testimonial Integrity","Social proof, reviews, and testimonial integrity address authenticity, representative evidence, incentives, moderation, negative feedback, and avoiding fabricated credibility.","Social Proof, Reviews, Testimonials, Authenticity, Incentives, Moderation"
"Digital Marketing, Growth & Ethical Conversion",Personalization Without Surveillance,"Personalization without surveillance balances relevance with consent, data minimization, explainability, user control, sensitive attributes, and non-personalized alternatives.","Personalization, Privacy, Consent, Data Minimization, Explainability, User Control"
"Digital Marketing, Growth & Ethical Conversion",Marketing Consent and Preference Management,"Marketing consent and preference management cover opt-in, opt-out, channel choices, frequency controls, records, revocation, and honoring user decisions.","Marketing Consent, Preference Center, Opt-In, Opt-Out, Frequency Controls, Revocation"
"Digital Marketing, Growth & Ethical Conversion",Accessible Marketing and Inclusive Campaigns,"Accessible marketing and inclusive campaigns apply readable content, captions, alt text, contrast, accessible forms, language clarity, and representation across channels.","Accessible Marketing, Inclusive Campaigns, Captions, Alt Text, Contrast, Representation"
"Digital Marketing, Growth & Ethical Conversion",Brand Safety and Ad Placement Context,"Brand safety and ad placement context protect audiences and brands from harmful adjacency, misleading environments, unsafe targeting, and unsuitable creative.","Brand Safety, Ad Placement, Contextual Targeting, Suitability, Creative Governance"
"Digital Marketing, Growth & Ethical Conversion",Marketing Budgeting and Channel Mix,"Marketing budgeting and channel mix connect objectives, expected reach, cost, conversion quality, payback, risk, and learning value across channels.","Marketing Budget, Channel Mix, CAC, ROAS, Payback, Scenario Planning"
"Digital Marketing, Growth & Ethical Conversion",Growth Loops and Sustainable Acquisition,"Growth loops and sustainable acquisition examine how product value, content, referrals, retention, and distribution reinforce one another without relying on manipulation.","Growth Loops, Sustainable Growth, Acquisition, Retention, Referrals, Product-Led Growth"
"Advanced SEO, Search Experience & Content Discovery",SEO Strategy and Search Opportunity Mapping,"SEO strategy and search opportunity mapping connect business goals, audience needs, competitive gaps, content assets, and realistic search opportunities.","SEO Strategy, Search Opportunities, Audience Needs, Competitive Gaps, Content Assets"
"Advanced SEO, Search Experience & Content Discovery",Search Engine Results Page Features,"Search engine results page features explain organic listings, featured snippets, image results, video results, local results, news, and other discovery surfaces.","SERP Features, Featured Snippets, Image Results, Video Results, Local Results, Discover"
"Advanced SEO, Search Experience & Content Discovery",Search Console Performance Analysis,"Search Console performance analysis uses queries, pages, clicks, impressions, CTR, position, country, and device data to prioritize SEO improvements.","Google Search Console, Clicks, Impressions, CTR, Position, Query Analysis"
"Advanced SEO, Search Experience & Content Discovery",SEO Reporting and Executive Dashboards,"SEO reporting and executive dashboards distinguish visibility, traffic, engagement, conversions, revenue, technical health, and uncertainty for better decisions.","SEO Reporting, Dashboards, Organic Traffic, Conversions, Revenue, Data Interpretation"
"Advanced SEO, Search Experience & Content Discovery","JavaScript SEO: Crawl, Render and Index","JavaScript SEO covers how search engines discover, render, and index dynamic pages, including rendered content, links, status codes, and hydration risks.","JavaScript SEO, Crawling, Rendering, Indexing, Hydration, Dynamic Content"
"Advanced SEO, Search Experience & Content Discovery",Faceted Navigation and Parameter Control,Faceted navigation and parameter control prevent crawl waste and duplicate URL patterns while preserving useful pathways for users and search engines.,"Faceted Navigation, URL Parameters, Crawl Budget, Duplicate URLs, Canonicalization"
"Advanced SEO, Search Experience & Content Discovery","Robots.txt, Meta Robots and X-Robots-Tag","Robots directives explain when to allow crawling, prevent indexing, restrict snippets, or control media and document discovery.","Robots.txt, Meta Robots, X-Robots-Tag, Noindex, Nofollow, Crawl Control"
"Advanced SEO, Search Experience & Content Discovery",XML Sitemaps and Sitemap Maintenance,"XML sitemaps and sitemap maintenance cover indexable URLs, last modification dates, image and video extensions, errors, segmentation, and submission workflows.","XML Sitemap, Sitemap Index, Lastmod, Image Sitemap, Video Sitemap, Search Console"
"Advanced SEO, Search Experience & Content Discovery",Canonicalization and Duplicate Content,"Canonicalization and duplicate content explain URL variants, syndicated content, parameters, near-duplicates, redirects, and choosing a preferred version.","Canonical URL, Duplicate Content, URL Variants, Redirects, Syndication, Preferred URL"
"Advanced SEO, Search Experience & Content Discovery",Internal Linking and Information Scent,"Internal linking and information scent connect related pages through meaningful anchor text, hierarchy, navigation, contextual links, and user expectations.","Internal Linking, Anchor Text, Information Scent, Site Hierarchy, Contextual Links"
"Advanced SEO, Search Experience & Content Discovery",Site Architecture and Crawlable Navigation,"Site architecture and crawlable navigation align directories, hubs, breadcrumbs, links, page depth, and user journeys with discoverable content.","Site Architecture, Crawlable Links, Breadcrumbs, Page Depth, Content Hubs"
"Advanced SEO, Search Experience & Content Discovery",Structured Data and JSON-LD Fundamentals,"Structured data and JSON-LD fundamentals describe entities, properties, validation, eligibility, and keeping markup consistent with visible page content.","Structured Data, JSON-LD, Schema.org, Rich Results, Entities, Validation"
"Advanced SEO, Search Experience & Content Discovery","Product, Review and Organization Structured Data","Product, review, and organization structured data explain how accurate prices, availability, ratings, business identity, and policy information support search understanding.","Product Schema, Review Schema, Organization Schema, Price, Availability, Ratings"
"Advanced SEO, Search Experience & Content Discovery",Image SEO and Visual Discoverability,"Image SEO and visual discoverability cover descriptive context, filenames, alt text, responsive images, stable URLs, landing pages, and image metadata.","Image SEO, Alt Text, Image Metadata, Responsive Images, Stable URLs, Google Images"
"Advanced SEO, Search Experience & Content Discovery","Video SEO, Watch Pages and Key Moments","Video SEO covers dedicated watch pages, transcripts, thumbnails, stable media URLs, VideoObject data, chapters, key moments, and expiration handling.","Video SEO, Watch Pages, VideoObject, Thumbnails, Transcripts, Key Moments"
"Advanced SEO, Search Experience & Content Discovery",Ecommerce Category and Product SEO,"Ecommerce category and product SEO connect product data, inventory, variants, filters, reviews, structured data, merchant feeds, and shopping journeys.","Ecommerce SEO, Product Pages, Category Pages, Variants, Inventory, Merchant Feeds"
"Advanced SEO, Search Experience & Content Discovery",Local SEO and Location-Based Discovery,"Local SEO and location-based discovery cover business details, location pages, local intent, reviews, map presence, service areas, and consistent contact information.","Local SEO, Local Intent, Location Pages, Business Profile, Reviews, Service Areas"
"Advanced SEO, Search Experience & Content Discovery",International SEO and Hreflang,"International SEO and hreflang cover country and language targeting, alternate URLs, regional content, duplicate prevention, currency, and localization quality.","International SEO, Hreflang, Language Targeting, Country Targeting, Alternate URLs"
"Advanced SEO, Search Experience & Content Discovery",SEO Migration and Site-Move Planning,"SEO migration and site-move planning cover URL mapping, redirects, canonicals, sitemaps, staging controls, monitoring, traffic risk, and rollback decisions.","SEO Migration, Site Move, URL Mapping, 301 Redirects, Staging, Rollback"
"Advanced SEO, Search Experience & Content Discovery",Log File Analysis for SEO,"Log file analysis for SEO shows how crawlers actually request pages, resources, redirects, errors, parameters, and crawl patterns over time.","Log Files, Crawler Behavior, Googlebot, Crawl Patterns, Server Logs, HTTP Status"
"Advanced SEO, Search Experience & Content Discovery",Technical SEO Audits and Prioritization,"Technical SEO audits combine crawl findings, indexing evidence, performance, accessibility, templates, business impact, and effort into an actionable priority list.","Technical SEO Audit, Crawl Audit, Indexing, Prioritization, Impact, Effort"
"Advanced SEO, Search Experience & Content Discovery",SEO for Accessible and Semantic Content,"SEO for accessible and semantic content connects meaningful HTML, headings, links, alt text, readable copy, captions, and inclusive findability.","Semantic HTML, Accessible SEO, Headings, Link Text, Alt Text, Captions"
"Advanced SEO, Search Experience & Content Discovery",Core Web Vitals and Search Experience,"Core Web Vitals and search experience connect loading, responsiveness, visual stability, mobile usability, and real-user performance to page quality.","Core Web Vitals, LCP, INP, CLS, Mobile SEO, Real User Monitoring"
"Advanced SEO, Search Experience & Content Discovery","Content Quality, Evidence and Trust","Content quality, evidence, and trust teach accurate claims, original value, transparent authorship, citations, updates, and content that serves people first.","Content Quality, Evidence, Authorship, Original Value, Citations, Content Trust"
"Advanced SEO, Search Experience & Content Discovery",Content Refreshes and Decay Monitoring,"Content refreshes and decay monitoring identify declining pages, outdated facts, broken links, changing search intent, cannibalization, and refresh opportunities.","Content Decay, Content Refresh, Updating, Search Intent, Cannibalization, Broken Links"
"Advanced SEO, Search Experience & Content Discovery",SEO Content Pruning and Consolidation,"SEO content pruning and consolidation evaluate whether to improve, merge, redirect, archive, or remove weak and overlapping pages without destroying useful demand.","Content Pruning, Consolidation, Merging, Redirects, Cannibalization, Content Audit"
"Advanced SEO, Search Experience & Content Discovery",AI-Assisted SEO Content Quality Control,"AI-assisted SEO content quality control covers factual review, originality, citations, disclosure, hallucination checks, editorial ownership, and avoiding scaled low-value content.","AI SEO, Editorial Review, Fact Checking, Citations, Originality, Content Provenance"
"Advanced SEO, Search Experience & Content Discovery",Search Snippet and Organic CTR Optimization,"Search snippet and organic CTR optimization improve titles, descriptions, page promises, clarity, and alignment between query intent and landing-page experience.","Organic CTR, Title Tags, Meta Descriptions, Search Snippets, Query Intent"
"Advanced SEO, Search Experience & Content Discovery",SEO and Conversion Journey Alignment,"SEO and conversion journey alignment ensures that attracting a visitor, answering the query, building trust, and supporting the next action form one coherent experience.","SEO Conversion, Search Journey, Landing Experience, Trust, Call to Action"
Product Management & Business Execution,Product Strategy and Vision,"Product strategy and vision connect customer problems, market context, differentiated value, business goals, and a coherent direction for a product.","Product Strategy, Product Vision, Customer Problems, Market Context, Differentiation"
Product Management & Business Execution,OKRs and Outcome Planning,"OKRs and outcome planning translate strategic intent into measurable objectives, key results, ownership, review cycles, and learning.","OKRs, Objectives, Key Results, Outcomes, Ownership, Planning"
Product Management & Business Execution,Roadmaps and Prioritization,"Roadmaps and prioritization balance customer value, evidence, risk, dependencies, effort, sequencing, and changing constraints.","Product Roadmap, Prioritization, Dependencies, Effort, Risk, Sequencing"
Product Management & Business Execution,"RICE, MoSCoW and Kano Prioritization","RICE, MoSCoW, and Kano provide different ways to compare reach, impact, confidence, effort, necessity, and delight.","RICE, MoSCoW, Kano Model, Reach, Impact, Confidence, Effort"
Product Management & Business Execution,Product Requirements Documents,"Product requirements documents describe the problem, users, goals, scope, behavior, edge cases, constraints, and acceptance criteria for delivery.","PRD, Requirements, Scope, User Stories, Edge Cases, Acceptance Criteria"
Product Management & Business Execution,Product-Market Fit and Demand Validation,"Product-market fit and demand validation use evidence from users, behavior, retention, willingness to pay, and alternatives before scaling investment.","Product-Market Fit, Demand Validation, Retention, Willingness to Pay, Alternatives"
Product Management & Business Execution,Feature Adoption and Sunset Decisions,"Feature adoption and sunset decisions evaluate usage, user value, maintenance cost, support burden, alternatives, migration, and communication.","Feature Adoption, Feature Sunset, Migration, Support Burden, Deprecation"
Product Management & Business Execution,Stakeholder Negotiation and Decision Alignment,"Stakeholder negotiation and decision alignment create shared understanding across product, design, engineering, marketing, legal, support, and leadership.","Stakeholder Management, Negotiation, Alignment, Tradeoffs, Decision Making"
Product Management & Business Execution,Business Model Validation,"Business model validation connects customer value to pricing, channels, costs, revenue, retention, and sustainable unit economics.","Business Model, Revenue, Cost Structure, Channels, Pricing, Unit Economics"
Product Management & Business Execution,Product Launch and Go-to-Market Planning,"Product launch and go-to-market planning coordinate positioning, audience, readiness, content, support, measurement, rollout, and feedback after launch.","Go-to-Market, Product Launch, Readiness, Rollout, Positioning, Launch Metrics"
"Data, BI & Product Observability",SQL for Designers and Marketers,"SQL for designers and marketers introduces selecting, filtering, joining, grouping, aggregating, and validating product and campaign data.","SQL, Queries, Joins, Aggregation, Filters, Data Validation"
"Data, BI & Product Observability",Data Warehouses and Analytical Tables,"Data warehouses and analytical tables explain how events become modeled datasets for reporting, experimentation, segmentation, and business decisions.","Data Warehouse, ETL, ELT, Fact Tables, Dimension Tables, Data Modeling"
"Data, BI & Product Observability",Metric Definitions and Semantic Layers,"Metric definitions and semantic layers establish shared meanings, calculation rules, dimensions, ownership, and trusted reuse across dashboards.","Metrics, Semantic Layer, Data Dictionary, Dimensions, Governance, Definitions"
"Data, BI & Product Observability",Event Instrumentation Quality Assurance,"Event instrumentation quality assurance checks names, properties, timing, duplicates, privacy, environments, and downstream reporting before release.","Event QA, Instrumentation, Tracking Validation, Properties, Data Quality"
"Data, BI & Product Observability",Dashboard Governance and Data Storytelling,"Dashboard governance and data storytelling organize audiences, decisions, context, annotations, uncertainty, accessibility, and responsible interpretation.","Dashboards, Data Storytelling, Governance, Annotations, Uncertainty, Accessibility"
"Data, BI & Product Observability","Observability: Logs, Metrics and Traces","Observability introduces logs, metrics, traces, instrumentation, context propagation, and the signals needed to understand user-impacting system behavior.","Observability, Logs, Metrics, Traces, Instrumentation, Context Propagation"
"Data, BI & Product Observability",Service-Level Indicators and Objectives,"Service-level indicators and objectives connect technical reliability to user expectations such as availability, latency, correctness, and successful completion.","SLI, SLO, Reliability, Availability, Latency, Error Budget"
"Data, BI & Product Observability",User-Impact Monitoring and Alert Design,"User-impact monitoring and alert design prioritize meaningful failures, thresholds, severity, ownership, escalation, and avoiding noisy alerts.","Monitoring, Alerts, User Impact, Severity, Escalation, Alert Fatigue"
"Data, BI & Product Observability",Data Privacy in Analytics Warehouses,"Data privacy in analytics warehouses covers minimization, access controls, retention, sensitive fields, pseudonymization, deletion, and safe sharing.","Analytics Privacy, Data Minimization, Access Control, Retention, Pseudonymization"
"Mobile, Native & Cross-Platform Product Design",iOS and Android Design Patterns,"iOS and Android design patterns compare platform navigation, controls, typography, permissions, system behaviors, and conventions users already understand.","iOS, Android, Human Interface Guidelines, Material Design, Platform Conventions"
"Mobile, Native & Cross-Platform Product Design",Mobile Navigation and Gesture Design,"Mobile navigation and gesture design cover tabs, stacks, drawers, bottom navigation, swipe behavior, discoverability, and accessible alternatives.","Mobile Navigation, Gestures, Tabs, Drawers, Bottom Navigation, Discoverability"
"Mobile, Native & Cross-Platform Product Design",Push Notifications and Notification Strategy,"Push notifications and notification strategy balance relevance, timing, permission, grouping, deep links, quiet hours, and user control.","Push Notifications, Notification Permission, Timing, Deep Links, Quiet Hours"
"Mobile, Native & Cross-Platform Product Design",Mobile Permission-Request UX,"Mobile permission-request UX explains purpose, timing, denial, recovery, least privilege, settings links, and avoiding permission fatigue.","Permissions, Privacy, Permission Requests, Least Privilege, Denial Recovery"
"Mobile, Native & Cross-Platform Product Design",Deep Links and App Links,"Deep links and app links connect campaigns, search, email, notifications, and shared content to the correct in-app destination with fallback behavior.","Deep Links, App Links, Universal Links, Routing, Fallbacks, Attribution"
"Mobile, Native & Cross-Platform Product Design",Mobile Onboarding and App Activation,"Mobile onboarding and app activation reduce setup friction while explaining value, permissions, account choices, personalization, and first success.","Mobile Onboarding, Activation, Setup, First Run, Time to Value"
"Mobile, Native & Cross-Platform Product Design",Mobile Offline Sync and Conflict Resolution,"Mobile offline sync and conflict resolution cover local edits, queues, stale data, merge choices, retries, and communicating synchronization state.","Offline Sync, Local Storage, Queues, Conflicts, Stale Data, Retry"
"Mobile, Native & Cross-Platform Product Design",App Store Optimization and Release UX,"App Store Optimization and release UX connect store listings, screenshots, reviews, version notes, staged releases, and post-install expectations.","ASO, App Store, Play Store, Reviews, Release Notes, Staged Rollout"
"Mobile, Native & Cross-Platform Product Design",Mobile Accessibility and Assistive Technology,"Mobile accessibility and assistive technology cover screen readers, dynamic type, switch access, touch targets, motion, voice control, and platform testing.","Mobile Accessibility, Voice Control, Dynamic Type, Switch Access, Touch Targets"
"Mobile, Native & Cross-Platform Product Design","Battery, Bandwidth and Device Constraints","Battery, bandwidth, and device constraints guide media, background work, caching, connectivity, thermal limits, storage, and performance decisions.","Battery, Bandwidth, Device Constraints, Background Work, Caching, Thermal Limits"
"Service Design, Customer Operations & Support",Service Blueprints and Operational Journeys,"Service blueprints and operational journeys map customer actions, frontstage interactions, backstage processes, systems, dependencies, and evidence.","Service Blueprint, Frontstage, Backstage, Operations, Dependencies"
"Service Design, Customer Operations & Support",Help Center Information Architecture,"Help center information architecture organizes questions, tasks, troubleshooting, search, navigation, versioning, and escalation paths.","Help Center, Knowledge Base, Information Architecture, Troubleshooting, Search"
"Service Design, Customer Operations & Support",Customer Support Workflow Design,"Customer support workflow design covers intake, triage, routing, priority, ownership, status communication, resolution, and follow-up.","Customer Support, Triage, Routing, Priority, Status, Resolution"
"Service Design, Customer Operations & Support",Contact Center and Agent Experience,"Contact center and agent experience design improves internal tools, scripts, context, handoffs, training, quality, and the emotional load of service work.","Contact Center, Agent Experience, Internal Tools, Handoffs, Service Quality"
"Service Design, Customer Operations & Support","Complaint, Escalation and Appeal Design","Complaint, escalation, and appeal design gives users understandable routes to challenge decisions, provide evidence, receive updates, and obtain review.","Complaints, Escalation, Appeals, Evidence, Review, Fairness"
"Service Design, Customer Operations & Support",Service Recovery and Trust Repair,"Service recovery and trust repair address failures through acknowledgement, explanation, remediation, compensation, prevention, and transparent follow-up.","Service Recovery, Trust Repair, Remediation, Compensation, Transparency"
"Service Design, Customer Operations & Support",Support Analytics and Quality Measurement,"Support analytics and quality measurement combine resolution time, first-contact resolution, reopens, satisfaction, effort, deflection, and outcome quality.","Support Analytics, Resolution Time, FCR, Reopens, CSAT, Customer Effort"
"Service Design, Customer Operations & Support",Knowledge Management and Content Operations,"Knowledge management and content operations cover ownership, review cycles, findability, feedback, archival, localization, and source-of-truth control.","Knowledge Management, Content Operations, Ownership, Review Cycles, Archiving"
"Research Rigor, Statistics & Research Operations","Sampling, Recruitment and Selection Bias","Sampling, recruitment, and selection bias explain who is included, excluded, overrepresented, or missing from research evidence.","Sampling, Recruitment, Selection Bias, Representation, Research Quality"
"Research Rigor, Statistics & Research Operations",Survey Design and Question Bias,"Survey design and question bias cover wording, scales, ordering, response options, acquiescence, leading questions, and pilot testing.","Survey Design, Question Bias, Scales, Response Options, Pilot Testing"
"Research Rigor, Statistics & Research Operations",Statistical Power and Sample Size,"Statistical power and sample size connect detectable effects, variance, confidence, practical significance, and the risk of false conclusions.","Statistical Power, Sample Size, Effect Size, Confidence, False Positives"
"Research Rigor, Statistics & Research Operations",Causal Inference and Confounding,"Causal inference and confounding distinguish correlation from cause using controls, experiments, natural experiments, assumptions, and alternative explanations.","Causal Inference, Confounding, Correlation, Controls, Experiments, Assumptions"
"Research Rigor, Statistics & Research Operations",Qualitative Coding and Analysis Reliability,"Qualitative coding and analysis reliability cover codebooks, memoing, thematic analysis, researcher reflexivity, disagreements, and evidence traceability.","Qualitative Coding, Codebook, Thematic Analysis, Memoing, Reflexivity"
"Research Rigor, Statistics & Research Operations",Longitudinal and Diary Studies,"Longitudinal and diary studies reveal change, routines, context, memory, adaptation, and sustained product value across time.","Longitudinal Research, Diary Study, Context, Routines, Sustained Use"
"Research Rigor, Statistics & Research Operations",Research Ethics and Informed Consent,"Research ethics and informed consent cover voluntary participation, risk, privacy, vulnerable participants, withdrawal, compensation, and responsible data handling.","Research Ethics, Informed Consent, Participant Safety, Privacy, Withdrawal"
"Research Rigor, Statistics & Research Operations",Research Repository and Evidence Governance,"Research repositories and evidence governance make findings findable, attributable, reusable, current, and connected to decisions.","Research Repository, Evidence Governance, ResearchOps, Findings, Traceability"
"Research Rigor, Statistics & Research Operations",Reproducible Research and Analysis Plans,"Reproducible research and analysis plans document methods, hypotheses, data transformations, exclusions, decisions, and changes before interpretation.","Reproducibility, Analysis Plan, Preregistration, Methods, Data Transformations"
"Cloud Architecture, DevOps & Production Systems",Cloud Architecture Fundamentals,"Cloud architecture fundamentals introduce regions, availability zones, compute, storage, networking, managed services, and tradeoffs between control and convenience.","Cloud, Regions, Availability Zones, Compute, Storage, Networking"
"Cloud Architecture, DevOps & Production Systems","DNS, CDN and Load Balancing","DNS, CDNs, and load balancing explain how traffic reaches services, content is distributed, failures are isolated, and latency is managed.","DNS, CDN, Load Balancing, Routing, Latency, Failover"
"Cloud Architecture, DevOps & Production Systems",Containers and Deployment Pipelines,"Containers and deployment pipelines cover reproducible packaging, environments, image scanning, automated checks, promotion, and rollback.","Containers, Docker, Deployment Pipeline, Image Scanning, Environments"
"Cloud Architecture, DevOps & Production Systems",Infrastructure as Code,"Infrastructure as code treats environments as reviewable, repeatable, versioned configuration with planning, drift detection, and safe changes.","Infrastructure as Code, Terraform, Configuration, Drift, Version Control"
"Cloud Architecture, DevOps & Production Systems",Feature Flags and Progressive Delivery,"Feature flags and progressive delivery support targeted exposure, experiments, canary releases, kill switches, and controlled rollback.","Feature Flags, Progressive Delivery, Canary Release, Kill Switch, Rollback"
"Cloud Architecture, DevOps & Production Systems",Blue-Green and Rolling Releases,"Blue-green and rolling releases compare deployment strategies for minimizing downtime, limiting risk, validating health, and reversing changes.","Blue-Green Deployment, Rolling Release, Health Checks, Downtime, Rollback"
"Cloud Architecture, DevOps & Production Systems","Backups, Disaster Recovery and RTO/RPO","Backups, disaster recovery, RTO, and RPO define what is restored, how quickly, with what data loss, and how recovery assumptions are tested.","Backups, Disaster Recovery, RTO, RPO, Restoration, Continuity"
"Cloud Architecture, DevOps & Production Systems","Rate Limiting, Queues and Backpressure","Rate limiting, queues, and backpressure protect systems from spikes, abuse, slow dependencies, overload, and uncontrolled work accumulation.","Rate Limiting, Queues, Backpressure, Throttling, Overload, Resilience"
"Cloud Architecture, DevOps & Production Systems",Database Fundamentals for Product Teams,"Database fundamentals cover tables, indexes, transactions, consistency, migrations, backups, access, and the product implications of data models.","Databases, Tables, Indexes, Transactions, Consistency, Migrations"
"Cloud Architecture, DevOps & Production Systems",API Versioning and Backward Compatibility,"API versioning and backward compatibility keep clients, integrations, mobile apps, and services working as contracts evolve.","API Versioning, Backward Compatibility, Contracts, Deprecation, Integrations"
"Regulated Domains, Compliance & Industry UX",Healthcare UX and Sensitive Health Data,"Healthcare UX and sensitive health data address consent, clinical context, accessibility, safety, privacy, records, and high-consequence errors.","Healthcare UX, Health Data, Consent, Clinical Context, Safety, Privacy"
"Regulated Domains, Compliance & Industry UX",Fintech UX and Financial Workflows,"Fintech UX and financial workflows cover identity, fraud, payments, disclosures, transactions, reconciliation, trust, and recovery from costly mistakes.","Fintech UX, Payments, Fraud, Transactions, Disclosures, Reconciliation"
"Regulated Domains, Compliance & Industry UX",Education Technology and Student Privacy,"Education technology and student privacy cover age-appropriate design, learning outcomes, family controls, data minimization, accessibility, and teacher workflows.","EdTech, Student Privacy, Children, Family Controls, Learning Outcomes"
"Regulated Domains, Compliance & Industry UX",Government and Public-Service Design,"Government and public-service design emphasizes plain language, eligibility, evidence, multilingual access, accessibility, trust, and completion under stress.","Public Services, Plain Language, Eligibility, Accessibility, Multilingual, Trust"
"Regulated Domains, Compliance & Industry UX",B2B SaaS and Enterprise Workflow UX,"B2B SaaS and enterprise workflow UX covers permissions, administration, procurement, integrations, approvals, auditability, adoption, and complex roles.","B2B SaaS, Enterprise UX, Administration, Approvals, Integrations, Auditability"
"Regulated Domains, Compliance & Industry UX",Accessibility Laws and Conformance Programs,"Accessibility laws and conformance programs connect WCAG evidence to procurement, policy, audits, remediation, documentation, and ongoing governance.","Accessibility Law, WCAG Conformance, Procurement, Audit, Remediation, Governance"
"Regulated Domains, Compliance & Industry UX",Consumer Protection and Marketing Claims,"Consumer protection and marketing claims cover substantiation, disclosures, pricing clarity, testimonials, urgency, cancellation, and avoiding misleading experiences.","Consumer Protection, Marketing Claims, Disclosures, Pricing, Testimonials, Cancellation"
"Regulated Domains, Compliance & Industry UX","Copyright, Licensing and Content Rights","Copyright, licensing, and content rights cover ownership, permissions, attribution, stock assets, generated media, user submissions, and takedown workflows.","Copyright, Licensing, Attribution, User Content, Asset Rights, Takedown"
"Regulated Domains, Compliance & Industry UX",Records Retention and Audit Readiness,"Records retention and audit readiness organize decisions, consent, access, changes, incidents, evidence, retention periods, and defensible retrieval.","Records Retention, Audit Readiness, Evidence, Consent Records, Change History"
"Regulated Domains, Compliance & Industry UX",Vendor Risk and Procurement UX,"Vendor risk and procurement UX helps teams assess security, privacy, accessibility, reliability, contracts, data processing, and exit conditions.","Vendor Risk, Procurement, Security Review, Privacy Review, Contracts, Exit Plan"
"Conversational, Voice & Agentic Product Experience",Conversational Interface Design,"Conversational interface design covers turn-taking, context, intent, repair, ambiguity, confirmation, progress, and graceful exits.","Conversational UX, Turn-Taking, Intent, Context, Repair, Confirmation"
"Conversational, Voice & Agentic Product Experience",Voice Interaction and Multimodal Feedback,"Voice interaction and multimodal feedback coordinate speech, text, visual state, sound, interruption, privacy, and accessibility across contexts.","Voice UX, Multimodal, Speech, Interruption, Audio Feedback, Accessibility"
"Conversational, Voice & Agentic Product Experience",Chatbot Fallback and Human Escalation,"Chatbot fallback and human escalation define uncertainty thresholds, handoff context, user expectations, queue status, and safe recovery when automation fails.","Chatbot, Fallback, Human Escalation, Handoff, Uncertainty, Recovery"
"Conversational, Voice & Agentic Product Experience",Agent Permissions and Tool Use,"Agent permissions and tool use explain scopes, confirmation, least privilege, sensitive actions, audit trails, and user control over autonomous behavior.","AI Agents, Tool Use, Permissions, Least Privilege, Confirmation, Audit Trail"
"Conversational, Voice & Agentic Product Experience",Agent Memory and Personalization Controls,"Agent memory and personalization controls cover what is remembered, why it is used, correction, deletion, temporary sessions, and user expectations.","Agent Memory, Personalization, Deletion, Correction, Temporary Session, User Control"
"Conversational, Voice & Agentic Product Experience",Confidence and Uncertainty Communication,"Confidence and uncertainty communication helps users distinguish facts, estimates, suggestions, missing information, and actions requiring verification.","Uncertainty, Confidence, Verification, Source Grounding, AI Transparency"
"Conversational, Voice & Agentic Product Experience",Agent Failure Recovery and Safe Stop,"Agent failure recovery and safe stop patterns let users pause, inspect, undo, correct, retry, escalate, or terminate an action safely.","Agent Failure, Safe Stop, Undo, Retry, Escalation, Human Control"
"Conversational, Voice & Agentic Product Experience",Conversational Accessibility Testing,"Conversational accessibility testing includes speech variation, captions, text alternatives, cognitive load, turn timing, assistive technology, and non-voice paths.","Conversational Accessibility, Captions, Text Alternative, Speech Variation, Cognitive Load"
"Conversational, Voice & Agentic Product Experience",AI Evaluation Dashboards and Agent Quality,"AI evaluation dashboards and agent quality measurement track task success, refusal quality, factuality, safety, latency, cost, escalation, and user correction.","AI Evaluation, Agent Quality, Task Success, Factuality, Safety, Latency, Cost"
"Learning Design, Assessment & Curriculum Operations",Learning Objectives and Competency Mapping,"Learning objectives and competency mapping connect each topic to observable knowledge, skills, behaviors, proficiency levels, and career outcomes.","Learning Objectives, Competencies, Skills, Proficiency, Outcomes"
"Learning Design, Assessment & Curriculum Operations",Prerequisites and Topic Dependencies,Prerequisites and topic dependencies make the learning path navigable by showing what learners should know before starting and what follows next.,"Prerequisites, Dependencies, Learning Path, Sequence, Knowledge Graph"
"Learning Design, Assessment & Curriculum Operations",Difficulty Levels and Estimated Study Time,"Difficulty levels and estimated study time help learners choose appropriate material and plan a realistic pace across theory, practice, and projects.","Difficulty, Beginner, Intermediate, Advanced, Study Time, Pacing"
"Learning Design, Assessment & Curriculum Operations",Practical Exercises and Expected Artifacts,"Practical exercises and expected artifacts turn concepts into observable work such as audits, prototypes, research plans, dashboards, roadmaps, and threat models.","Exercises, Projects, Artifacts, Practice, Portfolio Evidence"
"Learning Design, Assessment & Curriculum Operations",Assessment Rubrics and Quality Criteria,"Assessment rubrics and quality criteria define what good work looks like, how it is judged, common errors, and how learners improve.","Assessment, Rubrics, Quality Criteria, Feedback, Evaluation"
"Learning Design, Assessment & Curriculum Operations",Capstone Projects and Integrated Scenarios,"Capstone projects and integrated scenarios combine research, UX, accessibility, SEO, marketing, security, analytics, delivery, and reflection in one realistic brief.","Capstone, Integrated Project, Scenario, Portfolio, Cross-Functional"
"Learning Design, Assessment & Curriculum Operations",Topic Relationships and Cross-Disciplinary Paths,"Topic relationships and cross-disciplinary paths help learners move between UX, product, marketing, cybersecurity, AI, engineering, and operations.","Topic Graph, Cross-Disciplinary, Related Topics, Learning Routes, Curriculum Map"
"Learning Design, Assessment & Curriculum Operations","Sources, Versioning and Last-Reviewed Dates","Sources, versioning, and last-reviewed dates make training content auditable and help maintain standards, laws, platform behavior, and tool guidance.","Sources, Versioning, Last Reviewed, Content Governance, Standards"
"Learning Design, Assessment & Curriculum Operations",Content Quality Review and Editorial Style,"Content quality review and editorial style improve clarity, consistency, terminology, examples, inclusivity, factual accuracy, and duplicate-topic control.","Editorial Review, Quality Assurance, Style Guide, Terminology, Fact Checking"
"Learning Design, Assessment & Curriculum Operations","Learner Progress, Spaced Practice and Review","Learner progress, spaced practice, and review support retention through revisiting concepts, applying them in new contexts, and tracking demonstrated capability.","Progress Tracking, Spaced Practice, Retrieval Practice, Review, Mastery"
"Learning Design, Assessment & Curriculum Operations","Cohort, Workshop and Mentor Facilitation","Cohort, workshop, and mentor facilitation covers live exercises, peer critique, feedback loops, office hours, group work, and inclusive participation.","Cohort Learning, Workshops, Mentoring, Peer Critique, Facilitation"
Core Digital Concepts & Cross-Disciplinary Foundations,What Is a Digital Product?,"A digital product is a service, tool, platform, or experience delivered through software to help people accomplish meaningful goals.","Digital Product, Software, Service, User Value, Product Experience"
Core Digital Concepts & Cross-Disciplinary Foundations,"Digital Product Lifecycle: Discover, Design, Build, Launch, Improve","The digital product lifecycle introduces discovery, design, development, launch, measurement, iteration, and ongoing improvement.","Product Lifecycle, Discovery, Design, Development, Launch, Iteration"
Core Digital Concepts & Cross-Disciplinary Foundations,Client–Server Model,The client–server model explains how browsers and applications request information from servers and receive data or actions in response.,"Client, Server, Request, Response, Web Application, Network"
Core Digital Concepts & Cross-Disciplinary Foundations,"Browsers, URLs and Web Pages","Browsers, URLs, and web pages introduce addresses, navigation, rendering, links, resources, and how people access content on the web.","Browser, URL, Web Page, Navigation, Rendering, Links"
Core Digital Concepts & Cross-Disciplinary Foundations,HTTP Methods and Status Codes,"HTTP methods and status codes describe common requests and outcomes such as reading, creating, updating, redirecting, and handling errors.","HTTP, GET, POST, PUT, PATCH, DELETE, Status Codes"
Core Digital Concepts & Cross-Disciplinary Foundations,"Files, Folders, Paths and Naming","Files, folders, paths, and naming explain how digital assets and project resources are organized, referenced, versioned, and found.","Files, Folders, Paths, Naming, Assets, Organization"
Core Digital Concepts & Cross-Disciplinary Foundations,"HTML, CSS and JavaScript: How They Work Together","HTML, CSS, and JavaScript explain the relationship between structure, presentation, behavior, and interactive web experiences.","HTML, CSS, JavaScript, Structure, Presentation, Behavior"
Core Digital Concepts & Cross-Disciplinary Foundations,"Variables, Logic and Functions","Variables, logic, and functions introduce the basic ideas used to store information, make decisions, repeat actions, and organize program behavior.","Variables, Logic, Functions, Conditions, Loops, Programming Basics"
Core Digital Concepts & Cross-Disciplinary Foundations,"Data Types, JSON and Structured Data","Data types, JSON, and structured data explain how text, numbers, lists, objects, and Boolean values are represented and exchanged.","Data Types, JSON, Objects, Arrays, Boolean, Structured Data"
Core Digital Concepts & Cross-Disciplinary Foundations,APIs and Third-Party Integrations,"APIs and third-party integrations explain how products exchange information with payment, analytics, communication, identity, and external service providers.","APIs, Integrations, Third Parties, Data Exchange, Services"
Core Digital Concepts & Cross-Disciplinary Foundations,Databases and How Information Is Stored,"Databases introduce records, fields, relationships, queries, indexes, and the ways product information is stored and retrieved.","Database, Records, Fields, Relationships, Queries, Indexes"
Core Digital Concepts & Cross-Disciplinary Foundations,"User Accounts, Identity and Permissions","User accounts, identity, and permissions explain how products recognize people, protect access, assign roles, and control available actions.","User Accounts, Identity, Authentication, Permissions, Roles, Authorization"
Core Digital Concepts & Cross-Disciplinary Foundations,"Interface State: Loading, Success, Empty and Error","Interface states describe how a product communicates progress, completion, missing information, failure, and the next available action.","UI State, Loading, Success, Empty State, Error State, Feedback"
Core Digital Concepts & Cross-Disciplinary Foundations,"Forms, Validation and User Input","Forms, validation, and user input cover labels, required information, constraints, feedback, correction, submission, and preserving entered data.","Forms, Validation, Input, Labels, Constraints, Error Recovery"
Core Digital Concepts & Cross-Disciplinary Foundations,Content Hierarchy and Plain Language,"Content hierarchy and plain language organize information so people can scan, understand, compare, and act with less confusion.","Content Hierarchy, Plain Language, Headings, Scannability, Readability"
Core Digital Concepts & Cross-Disciplinary Foundations,"Design Constraints, Tradeoffs and Compromise","Design constraints, tradeoffs, and compromise teach how time, budget, technology, policy, accessibility, risk, and user needs shape decisions.","Design Constraints, Tradeoffs, Feasibility, Risk, Priorities, Compromise"
Core Digital Concepts & Cross-Disciplinary Foundations,"Problem Statements, Assumptions and Hypotheses","Problem statements, assumptions, and hypotheses distinguish observed needs from beliefs and create testable explanations for design decisions.","Problem Statement, Assumptions, Hypotheses, Evidence, Validation"
Core Digital Concepts & Cross-Disciplinary Foundations,"Metrics, KPIs and Leading Indicators","Metrics, KPIs, and leading indicators explain how to measure progress, distinguish activity from outcomes, and connect product work to meaningful results.","Metrics, KPIs, Leading Indicators, Outcomes, Measurement"
Core Digital Concepts & Cross-Disciplinary Foundations,"Security Risk: Assets, Threats and Controls","Security risk introduces assets, threats, vulnerabilities, controls, likelihood, impact, and practical ways to reduce potential harm.","Security Risk, Assets, Threats, Vulnerabilities, Controls, Impact"
Core Digital Concepts & Cross-Disciplinary Foundations,"Privacy, Consent and User Trust","Privacy, consent, and user trust explain what data is collected, why it is needed, how choices are communicated, and how people retain control.","Privacy, Consent, Data Use, Transparency, User Trust, User Control"
Core Digital Concepts & Cross-Disciplinary Foundations,"Marketing Channels: Owned, Earned and Paid Media","Marketing channels introduce owned, earned, and paid media and how each supports discovery, trust, conversion, retention, and advocacy.","Owned Media, Earned Media, Paid Media, Marketing Channels, Distribution"
Core Digital Concepts & Cross-Disciplinary Foundations,"Project Briefs, Scope and Definition of Done","Project briefs, scope, and definition of done clarify goals, users, deliverables, boundaries, responsibilities, acceptance, and completion.","Project Brief, Scope, Deliverables, Responsibilities, Definition of Done"
Core Digital Concepts & Cross-Disciplinary Foundations,Feedback Loops and Continuous Improvement,"Feedback loops and continuous improvement connect observation, measurement, learning, decision-making, implementation, and re-evaluation.","Feedback Loops, Iteration, Learning, Improvement, Measurement, Review"
